STATE,STATENAME,ST_CASE,PEDS,PERNOTMVIT,VE_TOTAL,VE_FORMS,PVH_INVL,PERSONS,PERMVIT,COUNTY,COUNTYNAME,CITY,CITYNAME,MONTH,MONTHNAME,DAY,DAYNAME,DAY_WEEK,DAY_WEEKNAME,YEAR,HOUR,HOURNAME,MINUTE,MINUTENAME,TWAY_ID,TWAY_ID2,ROUTE,ROUTENAME,RUR_URB,RUR_URBNAME,FUNC_SYS,FUNC_SYSNAME,RD_OWNER,RD_OWNERNAME,NHS,NHSNAME,SP_JUR,SP_JURNAME,MILEPT,MILEPTNAME,LATITUDE,LATITUDENAME,LONGITUD,LONGITUDNAME,HARM_EV,HARM_EVNAME,MAN_COLL,MAN_COLLNAME,RELJCT1,RELJCT1NAME,RELJCT2,RELJCT2NAME,TYP_INT,TYP_INTNAME,REL_ROAD,REL_ROADNAME,WRK_ZONE,WRK_ZONENAME,LGT_COND,LGT_CONDNAME,WEATHER,WEATHERNAME,SCH_BUS,SCH_BUSNAME,RAIL,RAILNAME,NOT_HOUR,NOT_HOURNAME,NOT_MIN,NOT_MINNAME,ARR_HOUR,ARR_HOURNAME,ARR_MIN,ARR_MINNAME,HOSP_HR,HOSP_HRNAME,HOSP_MN,HOSP_MNNAME,FATALS
55,Wisconsin,550076,0,0,1,1,0,1,1,53,JACKSON (53),0,NOT APPLICABLE,3,March,25,25,6,Friday,2022,22,10:00pm-10:59pm,14,14,I-94,NA,1,Interstate,1,Rural,1,Interstate,1,State Highway Agency,1,This section IS ON the NHS,0,No Special Jurisdiction,99998,Not Reported,44.33069722,44.33069722,-90.89330278,-90.89330278,34,Ditch,0,The First Harmful Event was Not a Collision with a Motor Vehicle in Transport,0,No,1,Non-Junction,1,Not an Intersection,3,On Median,0,None,2,Dark - Not Lighted,4,Snow,0,No,0000000,Not Applicable,99,Unknown,99,Unknown,99,Unknown EMS Scene Arrival Hour,99,Unknown EMS Scene Arrival Minutes,88,Not Applicable (Not Transported),88,Not Applicable (Not Transported),1
55,Wisconsin,550077,0,0,1,1,0,2,2,75,MARINETTE (75),0,NOT APPLICABLE,3,March,26,26,7,Saturday,2022,14,2:00pm-2:59pm,45,45,PARKWAY RD,NA,5,Local Street - Township,1,Rural,5,Major Collector,3,Town or Township Highway Agency,0,This section IS NOT on the NHS,0,No Special Jurisdiction,99998,Not Reported,45.36333611,45.36333611,-88.22386667,-88.22386667,1,Rollover/Overturn,0,The First Harmful Event was Not a Collision with a Motor Vehicle in Transport,0,No,1,Non-Junction,1,Not an Intersection,4,On Roadside,0,None,1,Daylight,4,Snow,0,No,0000000,Not Applicable,14,2:00pm-2:59pm,49,49,15,3:00pm-3:59pm,6,6,99,Unknown,99,Unknown EMS Hospital Arrival Time,1
55,Wisconsin,550078,0,0,2,2,0,2,2,79,MILWAUKEE (79),3100,MILWAUKEE,1,January,27,27,5,Thursday,2022,14,2:00pm-2:59pm,33,33,N SHERMAN BLVD,NA,6,Local Street - Municipality,2,Urban,3,Principal Arterial - Other,4,City or Municipal Highway Agency,1,This section IS ON the NHS,0,No Special Jurisdiction,99998,Not Reported,43.11805556,43.11805556,-87.96763333,-87.96763333,12,Motor Vehicle In-Transport,2,Front-to-Front,0,No,1,Non-Junction,1,Not an Intersection,1,On Roadway,0,None,1,Daylight,1,Clear,0,No,0000000,Not Applicable,14,2:00pm-2:59pm,33,33,14,2:00pm-2:59pm,50,50,88,Not Applicable (Not Transported),88,Not Applicable (Not Transported),1
55,Wisconsin,550079,1,1,1,1,0,1,1,79,MILWAUKEE (79),3100,MILWAUKEE,1,January,30,30,1,Sunday,2022,3,3:00am-3:59am,15,15,N 35TH ST,NA,6,Local Street - Municipality,2,Urban,4,Minor Arterial,4,City or Municipal Highway Agency,0,This section IS NOT on the NHS,0,No Special Jurisdiction,99998,Not Reported,43.06270833,43.06270833,-87.95748611,-87.95748611,8,Pedestrian,0,The First Harmful Event was Not a Collision with a Motor Vehicle in Transport,0,No,1,Non-Junction,1,Not an Intersection,1,On Roadway,0,None,3,Dark - Lighted,1,Clear,0,No,0000000,Not Applicable,3,3:00am-3:59am,17,17,3,3:00am-3:59am,26,26,88,Not Applicable (Not Transported),88,Not Applicable (Not Transported),1
55,Wisconsin,550080,0,0,1,1,0,1,1,43,GRANT (43),0,NOT APPLICABLE,3,March,24,24,5,Thursday,2022,10,10:00am-10:59am,19,19,SR-133,NA,3,State Highway,1,Rural,5,Major Collector,1,State Highway Agency,0,This section IS NOT on the NHS,0,No Special Jurisdiction,99998,Not Reported,43.11100278,43.11100278,-90.75104167,-90.75104167,38,Fence,0,The First Harmful Event was Not a Collision with a Motor Vehicle in Transport,0,No,1,Non-Junction,1,Not an Intersection,5,Outside Trafficway,0,None,1,Daylight,2,Rain,0,No,0000000,Not Applicable,10,10:00am-10:59am,22,22,10,10:00am-10:59am,31,31,99,Unknown,99,Unknown EMS Hospital Arrival Time,1
55,Wisconsin,550081,0,0,1,1,0,1,1,91,PEPIN (91),0,NOT APPLICABLE,3,March,31,31,5,Thursday,2022,20,8:00pm-8:59pm,15,15,CR-Z,NA,4,County Road,1,Rural,6,Minor Collector,2,County Highway Agency,0,This section IS NOT on the NHS,0,No Special Jurisdiction,99998,Not Reported,44.66403611,44.66403611,-92.11002778,-92.11002778,1,Rollover/Overturn,0,The First Harmful Event was Not a Collision with a Motor Vehicle in Transport,0,No,1,Non-Junction,1,Not an Intersection,4,On Roadside,0,None,2,Dark - Not Lighted,10,Cloudy,0,No,0000000,Not Applicable,21,9:00pm-9:59pm,5,5,21,9:00pm-9:59pm,25,25,88,Not Applicable (Not Transported),88,Not Applicable (Not Transported),1
55,Wisconsin,550082,0,0,1,1,0,1,1,57,JUNEAU (57),0,NOT APPLICABLE,4,April,5,5,3,Tuesday,2022,1,1:00am-1:59am,43,43,US-12,NA,2,US Highway,1,Rural,5,Major Collector,1,State Highway Agency,0,This section IS NOT on the NHS,0,No Special Jurisdiction,99998,Not Reported,43.73055556,43.73055556,-90.00275278,-90.00275278,53,Mail Box,0,The First Harmful Event was Not a Collision with a Motor Vehicle in Transport,0,No,1,Non-Junction,1,Not an Intersection,4,On Roadside,0,None,2,Dark - Not Lighted,10,Cloudy,0,No,0000000,Not Applicable,1,1:00am-1:59am,47,47,1,1:00am-1:59am,56,56,88,Not Applicable (Not Transported),88,Not Applicable (Not Transported),1
55,Wisconsin,550083,0,0,1,1,0,1,1,115,SHAWANO (115),0,NOT APPLICABLE,4,April,10,10,1,Sunday,2022,0,0:00am-0:59am,15,15,SR-29,NA,3,State Highway,1,Rural,3,Principal Arterial - Other,1,State Highway Agency,1,This section IS ON the NHS,0,No Special Jurisdiction,99998,Not Reported,44.60164444,44.60164444,-88.24785278,-88.24785278,50,Bridge Overhead Structure,0,The First Harmful Event was Not a Collision with a Motor Vehicle in Transport,0,No,1,Non-Junction,1,Not an Intersection,4,On Roadside,0,None,2,Dark - Not Lighted,1,Clear,0,No,0000000,Not Applicable,0,0:00am-0:59am,22,22,0,0:00am-0:59am,31,31,88,Not Applicable (Not Transported),88,Not Applicable (Not Transported),1
55,Wisconsin,550084,0,0,2,2,0,2,2,43,GRANT (43),0,NOT APPLICABLE,4,April,6,6,4,Wednesday,2022,11,11:00am-11:59am,50,50,US-18,NA,2,US Highway,1,Rural,3,Principal Arterial - Other,1,State Highway Agency,1,This section IS ON the NHS,0,No Special Jurisdiction,99998,Not Reported,42.98596389,42.98596389,-91.04461389,-91.04461389,12,Motor Vehicle In-Transport,6,Angle,0,No,8,Driveway Access Related,1,Not an Intersection,1,On Roadway,0,None,1,Daylight,2,Rain,0,No,0000000,Not Applicable,12,12:00pm-12:59pm,0,0,12,12:00pm-12:59pm,15,15,99,Unknown,99,Unknown EMS Hospital Arrival Time,1
55,Wisconsin,550085,0,0,2,2,0,2,2,111,SAUK (111),0,NOT APPLICABLE,4,April,12,12,3,Tuesday,2022,7,7:00am-7:59am,50,50,US-14,NA,2,US Highway,1,Rural,3,Principal Arterial - Other,1,State Highway Agency,1,This section IS ON the NHS,0,No Special Jurisdiction,99998,Not Reported,43.19118333,43.19118333,-90.18707778,-90.18707778,12,Motor Vehicle In-Transport,2,Front-to-Front,0,No,1,Non-Junction,1,Not an Intersection,1,On Roadway,0,None,1,Daylight,10,Cloudy,0,No,0000000,Not Applicable,99,Unknown,99,Unknown,99,Unknown EMS Scene Arrival Hour,99,Unknown EMS Scene Arrival Minutes,99,Unknown,99,Unknown EMS Hospital Arrival Time,1
55,Wisconsin,550086,0,0,2,2,0,2,2,95,POLK (95),0,NOT APPLICABLE,4,April,7,7,5,Thursday,2022,7,7:00am-7:59am,12,12,SR-35,NA,3,State Highway,1,Rural,4,Minor Arterial,1,State Highway Agency,0,This section IS NOT on the NHS,0,No Special Jurisdiction,99998,Not Reported,45.47920556,45.47920556,-92.52952778,-92.52952778,12,Motor Vehicle In-Transport,2,Front-to-Front,0,No,1,Non-Junction,1,Not an Intersection,1,On Roadway,0,None,1,Daylight,4,Snow,0,No,0000000,Not Applicable,99,Unknown,99,Unknown,99,Unknown EMS Scene Arrival Hour,99,Unknown EMS Scene Arrival Minutes,99,Unknown,99,Unknown EMS Hospital Arrival Time,1
55,Wisconsin,550087,0,0,2,2,0,3,3,109,ST CROIX (109),0,NOT APPLICABLE,4,April,12,12,3,Tuesday,2022,15,3:00pm-3:59pm,28,28,SR-64,NA,3,State Highway,1,Rural,4,Minor Arterial,1,State Highway Agency,0,This section IS NOT on the NHS,0,No Special Jurisdiction,0,None,45.11879444,45.11879444,-92.57816111,-92.57816111,12,Motor Vehicle In-Transport,2,Front-to-Front,0,No,1,Non-Junction,1,Not an Intersection,1,On Roadway,0,None,1,Daylight,10,Cloudy,0,No,0000000,Not Applicable,15,3:00pm-3:59pm,38,38,15,3:00pm-3:59pm,41,41,99,Unknown,99,Unknown EMS Hospital Arrival Time,1
55,Wisconsin,550088,0,0,1,1,0,2,2,133,WAUKESHA (133),2990,MENOMONEE FALLS,4,April,13,13,4,Wednesday,2022,0,0:00am-0:59am,53,53,CR-Y,NA,4,County Road,2,Urban,4,Minor Arterial,2,County Highway Agency,0,This section IS NOT on the NHS,0,No Special Jurisdiction,0,None,43.14116111,43.14116111,-88.16424444,-88.16424444,42,Tree (Standing Only),0,The First Harmful Event was Not a Collision with a Motor Vehicle in Transport,0,No,1,Non-Junction,1,Not an Intersection,4,On Roadside,0,None,2,Dark - Not Lighted,10,Cloudy,0,No,0000000,Not Applicable,0,0:00am-0:59am,56,56,0,0:00am-0:59am,59,59,1,1:00am-1:59am,29,29,1
55,Wisconsin,550089,0,0,1,1,0,1,1,79,MILWAUKEE (79),3100,MILWAUKEE,3,March,17,17,5,Thursday,2022,22,10:00pm-10:59pm,56,56,I-41,NA,1,Interstate,2,Urban,1,Interstate,1,State Highway Agency,1,This section IS ON the NHS,0,No Special Jurisdiction,99998,Not Reported,42.96296667,42.96296667,-87.94596944,-87.94596944,25,Concrete Traffic Barrier,0,The First Harmful Event was Not a Collision with a Motor Vehicle in Transport,1,Yes,5,Entrance/Exit Ramp Related,1,Not an Intersection,4,On Roadside,0,None,3,Dark - Lighted,10,Cloudy,0,No,0000000,Not Applicable,23,11:00pm-11:59pm,3,3,23,11:00pm-11:59pm,16,16,88,Not Applicable (Not Transported),88,Not Applicable (Not Transported),1
55,Wisconsin,550090,0,0,1,1,0,1,1,105,ROCK (105),0,NOT APPLICABLE,4,April,12,12,3,Tuesday,2022,11,11:00am-11:59am,10,10,N RIVER RD,NA,5,Local Street - Township,1,Rural,7,Local,3,Town or Township Highway Agency,0,This section IS NOT on the NHS,0,No Special Jurisdiction,0,None,42.74454722,42.74454722,-89.08590278,-89.08590278,16,Thrown or Falling Object,0,The First Harmful Event was Not a Collision with a Motor Vehicle in Transport,0,No,1,Non-Junction,1,Not an Intersection,1,On Roadway,0,None,1,Daylight,10,Cloudy,0,No,0000000,Not Applicable,11,11:00am-11:59am,13,13,11,11:00am-11:59am,22,22,88,Not Applicable (Not Transported),88,Not Applicable (Not Transported),1
55,Wisconsin,550091,0,0,2,2,0,2,2,117,SHEBOYGAN (117),0,NOT APPLICABLE,4,April,13,13,4,Wednesday,2022,5,5:00am-5:59am,43,43,CR-J,NA,4,County Road,1,Rural,5,Major Collector,2,County Highway Agency,0,This section IS NOT on the NHS,0,No Special Jurisdiction,0,None,43.79079167,43.79079167,-87.84354444,-87.84354444,12,Motor Vehicle In-Transport,2,Front-to-Front,0,No,1,Non-Junction,1,Not an Intersection,1,On Roadway,0,None,2,Dark - Not Lighted,5,"Fog, Smog, Smoke",0,No,0000000,Not Applicable,5,5:00am-5:59am,43,43,5,5:00am-5:59am,55,55,99,Unknown,99,Unknown EMS Hospital Arrival Time,2
55,Wisconsin,550092,0,0,1,1,0,1,1,97,PORTAGE (97),0,NOT APPLICABLE,4,April,15,15,6,Friday,2022,19,7:00pm-7:59pm,42,42,SR-66,RUSTIC DR,3,State Highway,1,Rural,4,Minor Arterial,1,State Highway Agency,0,This section IS NOT on the NHS,0,No Special Jurisdiction,99998,Not Reported,44.579825,44.579825,-89.39638611,-89.39638611,33,Curb,0,The First Harmful Event was Not a Collision with a Motor Vehicle in Transport,0,No,3,Intersection-Related,3,T-Intersection,4,On Roadside,0,None,5,Dusk,10,Cloudy,0,No,0000000,Not Applicable,19,7:00pm-7:59pm,48,48,19,7:00pm-7:59pm,59,59,88,Not Applicable (Not Transported),88,Not Applicable (Not Transported),1
55,Wisconsin,550093,0,0,2,2,0,3,3,73,MARATHON (73),0,NOT APPLICABLE,4,April,16,16,7,Saturday,2022,23,11:00pm-11:59pm,27,27,SR-29,NA,3,State Highway,1,Rural,3,Principal Arterial - Other,1,State Highway Agency,1,This section IS ON the NHS,0,No Special Jurisdiction,99998,Not Reported,44.9454,44.9454,-90.10300556,-90.10300556,12,Motor Vehicle In-Transport,2,Front-to-Front,0,No,1,Non-Junction,1,Not an Intersection,1,On Roadway,0,None,2,Dark - Not Lighted,1,Clear,0,No,0000000,Not Applicable,23,11:00pm-11:59pm,30,30,99,Unknown EMS Scene Arrival Hour,97,Officially Cancelled,99,Unknown,97,Officially Canceled,3
55,Wisconsin,550094,0,0,1,1,0,1,1,99,PRICE (99),0,NOT APPLICABLE,4,April,10,10,1,Sunday,2022,22,10:00pm-10:59pm,17,17,SR-70,NA,3,State Highway,1,Rural,4,Minor Arterial,1,State Highway Agency,0,This section IS NOT on the NHS,0,No Special Jurisdiction,99998,Not Reported,45.88834444,45.88834444,-90.21731389,-90.21731389,42,Tree (Standing Only),0,The First Harmful Event was Not a Collision with a Motor Vehicle in Transport,0,No,1,Non-Junction,1,Not an Intersection,4,On Roadside,0,None,2,Dark - Not Lighted,1,Clear,0,No,0000000,Not Applicable,22,10:00pm-10:59pm,17,17,22,10:00pm-10:59pm,55,55,88,Not Applicable (Not Transported),88,Not Applicable (Not Transported),1
55,Wisconsin,550095,0,0,1,1,0,1,1,67,LANGLADE (67),0,NOT APPLICABLE,4,April,12,12,3,Tuesday,2022,14,2:00pm-2:59pm,8,8,RANGE LINE RD,NA,5,Local Street - Township,1,Rural,7,Local,3,Town or Township Highway Agency,0,This section IS NOT on the NHS,0,No Special Jurisdiction,0,None,45.22304722,45.22304722,-89.3043,-89.3043,34,Ditch,0,The First Harmful Event was Not a Collision with a Motor Vehicle in Transport,0,No,1,Non-Junction,1,Not an Intersection,4,On Roadside,0,None,1,Daylight,1,Clear,0,No,0000000,Not Applicable,99,Unknown,99,Unknown,99,Unknown EMS Scene Arrival Hour,99,Unknown EMS Scene Arrival Minutes,88,Not Applicable (Not Transported),88,Not Applicable (Not Transported),1
55,Wisconsin,550096,1,1,1,1,0,1,1,79,MILWAUKEE (79),3100,MILWAUKEE,3,March,25,25,6,Friday,2022,11,11:00am-11:59am,30,30,S 20TH ST,W GRANT ST,6,Local Street - Municipality,2,Urban,5,Major Collector,4,City or Municipal Highway Agency,0,This section IS NOT on the NHS,0,No Special Jurisdiction,0,None,43.00483611,43.00483611,-87.93816389,-87.93816389,9,Pedalcyclist,0,The First Harmful Event was Not a Collision with a Motor Vehicle in Transport,0,No,2,Intersection,2,Four-Way Intersection,1,On Roadway,0,None,1,Daylight,10,Cloudy,0,No,0000000,Not Applicable,11,11:00am-11:59am,31,31,99,Unknown EMS Scene Arrival Hour,99,Unknown EMS Scene Arrival Minutes,88,Not Applicable (Not Transported),88,Not Applicable (Not Transported),1
55,Wisconsin,550097,0,0,2,2,0,2,2,115,SHAWANO (115),0,NOT APPLICABLE,4,April,7,7,5,Thursday,2022,8,8:00am-8:59am,44,44,US-45,NA,2,US Highway,1,Rural,3,Principal Arterial - Other,1,State Highway Agency,1,This section IS ON the NHS,0,No Special Jurisdiction,99998,Not Reported,44.86736111,44.86736111,-89.16975,-89.16975,12,Motor Vehicle In-Transport,2,Front-to-Front,0,No,1,Non-Junction,1,Not an Intersection,1,On Roadway,0,None,1,Daylight,10,Cloudy,0,No,0000000,Not Applicable,99,Unknown,99,Unknown,99,Unknown EMS Scene Arrival Hour,99,Unknown EMS Scene Arrival Minutes,99,Unknown,99,Unknown EMS Hospital Arrival Time,1
55,Wisconsin,550098,0,0,1,1,0,1,1,135,WAUPACA (135),0,NOT APPLICABLE,4,April,5,5,3,Tuesday,2022,1,1:00am-1:59am,30,30,US-10,NA,2,US Highway,1,Rural,2,Principal Arterial - Other Freeways and Expressways,1,State Highway Agency,1,This section IS ON the NHS,0,No Special Jurisdiction,99998,Not Reported,44.33115556,44.33115556,-89.05078056,-89.05078056,1,Rollover/Overturn,0,The First Harmful Event was Not a Collision with a Motor Vehicle in Transport,0,No,1,Non-Junction,1,Not an Intersection,4,On Roadside,0,None,2,Dark - Not Lighted,10,Cloudy,0,No,0000000,Not Applicable,1,1:00am-1:59am,36,36,99,Unknown EMS Scene Arrival Hour,99,Unknown EMS Scene Arrival Minutes,2,2:00am-2:59am,1,1,1
55,Wisconsin,550099,0,0,2,2,0,3,3,105,ROCK (105),440,BELOIT,4,April,10,10,1,Sunday,2022,20,8:00pm-8:59pm,36,36,CR-Q,HABORN RD,4,County Road,2,Urban,4,Minor Arterial,2,County Highway Agency,0,This section IS NOT on the NHS,0,No Special Jurisdiction,0,None,42.54022778,42.54022778,-89.04697778,-89.04697778,59,Traffic Sign Support,0,The First Harmful Event was Not a Collision with a Motor Vehicle in Transport,0,No,3,Intersection-Related,2,Four-Way Intersection,4,On Roadside,0,None,5,Dusk,10,Cloudy,0,No,0000000,Not Applicable,99,Unknown,99,Unknown,99,Unknown EMS Scene Arrival Hour,99,Unknown EMS Scene Arrival Minutes,99,Unknown,99,Unknown EMS Hospital Arrival Time,1
55,Wisconsin,550100,0,0,2,2,0,2,2,21,COLUMBIA (21),1690,FALL RIVER,3,March,17,17,5,Thursday,2022,16,4:00pm-4:59pm,17,17,CR-D MAIN ST S,SR-16,4,County Road,2,Urban,4,Minor Arterial,2,County Highway Agency,0,This section IS NOT on the NHS,0,No Special Jurisdiction,0,None,43.37836667,43.37836667,-89.06565833,-89.06565833,12,Motor Vehicle In-Transport,6,Angle,9,Reported as Unknown,2,Intersection,3,T-Intersection,1,On Roadway,0,None,1,Daylight,1,Clear,0,No,0000000,Not Applicable,16,4:00pm-4:59pm,18,18,99,Unknown EMS Scene Arrival Hour,99,Unknown EMS Scene Arrival Minutes,88,Not Applicable (Not Transported),88,Not Applicable (Not Transported),1
55,Wisconsin,550101,0,0,1,1,0,1,1,83,OCONTO (83),0,NOT APPLICABLE,4,April,21,21,5,Thursday,2022,20,8:00pm-8:59pm,36,36,CR-G,NA,4,County Road,1,Rural,6,Minor Collector,2,County Highway Agency,0,This section IS NOT on the NHS,0,No Special Jurisdiction,99998,Not Reported,45.02528333,45.02528333,-88.2041,-88.2041,42,Tree (Standing Only),0,The First Harmful Event was Not a Collision with a Motor Vehicle in Transport,0,No,1,Non-Junction,1,Not an Intersection,4,On Roadside,0,None,2,Dark - Not Lighted,1,Clear,0,No,0000000,Not Applicable,20,8:00pm-8:59pm,36,36,20,8:00pm-8:59pm,50,50,88,Not Applicable (Not Transported),88,Not Applicable (Not Transported),1
55,Wisconsin,550102,0,0,1,1,0,1,1,111,SAUK (111),2515,LAKE DELTON,4,April,3,3,1,Sunday,2022,2,2:00am-2:59am,35,35,I-90,NA,1,Interstate,2,Urban,1,Interstate,1,State Highway Agency,1,This section IS ON the NHS,0,No Special Jurisdiction,99998,Not Reported,43.59520278,43.59520278,-89.81418611,-89.81418611,1,Rollover/Overturn,0,The First Harmful Event was Not a Collision with a Motor Vehicle in Transport,0,No,1,Non-Junction,1,Not an Intersection,4,On Roadside,0,None,2,Dark - Not Lighted,2,Rain,0,No,0000000,Not Applicable,99,Unknown,99,Unknown,99,Unknown EMS Scene Arrival Hour,99,Unknown EMS Scene Arrival Minutes,99,Unknown,99,Unknown EMS Hospital Arrival Time,1
55,Wisconsin,550103,0,0,2,2,0,2,2,139,WINNEBAGO (139),3620,OSHKOSH,4,April,13,13,4,Wednesday,2022,8,8:00am-8:59am,35,35,BOWEN ST,NA,6,Local Street - Municipality,2,Urban,4,Minor Arterial,4,City or Municipal Highway Agency,0,This section IS NOT on the NHS,0,No Special Jurisdiction,0,None,44.04953611,44.04953611,-88.52802778,-88.52802778,12,Motor Vehicle In-Transport,8,Sideswipe - Opposite Direction,0,No,1,Non-Junction,1,Not an Intersection,1,On Roadway,0,None,1,Daylight,10,Cloudy,0,No,0000000,Not Applicable,8,8:00am-8:59am,38,38,8,8:00am-8:59am,42,42,9,9:00am-9:59am,5,5,1
55,Wisconsin,550104,0,0,1,1,0,1,1,17,CHIPPEWA (17),0,NOT APPLICABLE,4,April,21,21,5,Thursday,2022,18,6:00pm-6:59pm,33,33,CR-Q,NA,4,County Road,1,Rural,5,Major Collector,2,County Highway Agency,0,This section IS NOT on the NHS,0,No Special Jurisdiction,0,None,44.98451944,44.98451944,-91.43765833,-91.43765833,34,Ditch,0,The First Harmful Event was Not a Collision with a Motor Vehicle in Transport,0,No,1,Non-Junction,1,Not an Intersection,4,On Roadside,0,None,1,Daylight,1,Clear,0,No,0000000,Not Applicable,18,6:00pm-6:59pm,33,33,18,6:00pm-6:59pm,44,44,88,Not Applicable (Not Transported),88,Not Applicable (Not Transported),1
55,Wisconsin,550105,0,0,1,1,0,1,1,87,OUTAGAMIE (87),2370,KAUKAUNA,4,April,23,23,7,Saturday,2022,14,2:00pm-2:59pm,19,19,CR-Q,NA,4,County Road,1,Rural,4,Minor Arterial,2,County Highway Agency,0,This section IS NOT on the NHS,0,No Special Jurisdiction,99998,Not Reported,44.265275,44.265275,-88.2575,-88.2575,40,Fire Hydrant,0,The First Harmful Event was Not a Collision with a Motor Vehicle in Transport,0,No,1,Non-Junction,1,Not an Intersection,4,On Roadside,0,None,1,Daylight,1,Clear,0,No,0000000,Not Applicable,14,2:00pm-2:59pm,20,20,14,2:00pm-2:59pm,23,23,14,2:00pm-2:59pm,55,55,1
55,Wisconsin,550106,0,0,1,1,0,1,1,79,MILWAUKEE (79),3100,MILWAUKEE,4,April,14,14,5,Thursday,2022,23,11:00pm-11:59pm,2,2,SR-57,NA,3,State Highway,2,Urban,3,Principal Arterial - Other,1,State Highway Agency,1,This section IS ON the NHS,0,No Special Jurisdiction,99998,Not Reported,43.10775278,43.10775278,-87.93205556,-87.93205556,42,Tree (Standing Only),0,The First Harmful Event was Not a Collision with a Motor Vehicle in Transport,0,No,1,Non-Junction,1,Not an Intersection,3,On Median,0,None,3,Dark - Lighted,10,Cloudy,0,No,0000000,Not Applicable,99,Unknown,99,Unknown,99,Unknown EMS Scene Arrival Hour,99,Unknown EMS Scene Arrival Minutes,88,Not Applicable (Not Transported),88,Not Applicable (Not Transported),1
55,Wisconsin,550107,0,0,1,1,0,1,1,75,MARINETTE (75),0,NOT APPLICABLE,4,April,18,18,2,Monday,2022,15,3:00pm-3:59pm,9,9,SR-180,NA,3,State Highway,1,Rural,4,Minor Arterial,1,State Highway Agency,0,This section IS NOT on the NHS,0,No Special Jurisdiction,99998,Not Reported,45.33611389,45.33611389,-87.80800556,-87.80800556,42,Tree (Standing Only),0,The First Harmful Event was Not a Collision with a Motor Vehicle in Transport,0,No,1,Non-Junction,1,Not an Intersection,4,On Roadside,0,None,1,Daylight,4,Snow,0,No,0000000,Not Applicable,15,3:00pm-3:59pm,10,10,15,3:00pm-3:59pm,20,20,16,4:00pm-4:59pm,29,29,1
55,Wisconsin,550108,0,0,1,1,0,1,1,137,WAUSHARA (137),0,NOT APPLICABLE,4,April,24,24,1,Sunday,2022,0,0:00am-0:59am,21,21,I-39,NA,1,Interstate,1,Rural,1,Interstate,1,State Highway Agency,1,This section IS ON the NHS,0,No Special Jurisdiction,99998,Not Reported,44.00679722,44.00679722,-89.50295556,-89.50295556,18,Other Object (not fixed),0,The First Harmful Event was Not a Collision with a Motor Vehicle in Transport,0,No,1,Non-Junction,1,Not an Intersection,1,On Roadway,4,"Work Zone, Type Unknown",2,Dark - Not Lighted,2,Rain,0,No,0000000,Not Applicable,0,0:00am-0:59am,21,21,99,Unknown EMS Scene Arrival Hour,99,Unknown EMS Scene Arrival Minutes,88,Not Applicable (Not Transported),88,Not Applicable (Not Transported),1
55,Wisconsin,550109,0,0,2,2,0,2,2,53,JACKSON (53),0,NOT APPLICABLE,4,April,22,22,6,Friday,2022,12,12:00pm-12:59pm,47,47,SR-54,NA,3,State Highway,2,Urban,3,Principal Arterial - Other,1,State Highway Agency,0,This section IS NOT on the NHS,0,No Special Jurisdiction,99998,Not Reported,44.31165278,44.31165278,-90.80356111,-90.80356111,12,Motor Vehicle In-Transport,2,Front-to-Front,0,No,1,Non-Junction,1,Not an Intersection,1,On Roadway,0,None,1,Daylight,2,Rain,0,No,0000000,Not Applicable,99,Unknown,99,Unknown,99,Unknown EMS Scene Arrival Hour,99,Unknown EMS Scene Arrival Minutes,99,Unknown,99,Unknown EMS Hospital Arrival Time,1
55,Wisconsin,550110,0,0,2,2,0,2,2,133,WAUKESHA (133),3352,NEW BERLIN,4,April,23,23,7,Saturday,2022,6,6:00am-6:59am,38,38,CR-I,CALHOUN RD,4,County Road,2,Urban,4,Minor Arterial,2,County Highway Agency,0,This section IS NOT on the NHS,0,No Special Jurisdiction,99998,Not Reported,42.95172222,42.95172222,-88.12875556,-88.12875556,12,Motor Vehicle In-Transport,6,Angle,1,Yes,2,Intersection,2,Four-Way Intersection,1,On Roadway,0,None,1,Daylight,1,Clear,0,No,0000000,Not Applicable,6,6:00am-6:59am,39,39,6,6:00am-6:59am,44,44,99,Unknown,99,Unknown EMS Hospital Arrival Time,1
55,Wisconsin,550111,0,0,2,2,0,3,3,117,SHEBOYGAN (117),0,NOT APPLICABLE,4,April,23,23,7,Saturday,2022,20,8:00pm-8:59pm,35,35,SR-57,NA,3,State Highway,1,Rural,3,Principal Arterial - Other,1,State Highway Agency,1,This section IS ON the NHS,0,No Special Jurisdiction,99998,Not Reported,43.86463333,43.86463333,-87.94238056,-87.94238056,12,Motor Vehicle In-Transport,2,Front-to-Front,0,No,1,Non-Junction,1,Not an Intersection,1,On Roadway,0,None,2,Dark - Not Lighted,1,Clear,0,No,0000000,Not Applicable,20,8:00pm-8:59pm,37,37,20,8:00pm-8:59pm,46,46,99,Unknown,99,Unknown EMS Hospital Arrival Time,3