STATE,STATENAME,ST_CASE,PEDS,PERNOTMVIT,VE_TOTAL,VE_FORMS,PVH_INVL,PERSONS,PERMVIT,COUNTY,COUNTYNAME,CITY,CITYNAME,MONTH,MONTHNAME,DAY,DAYNAME,DAY_WEEK,DAY_WEEKNAME,YEAR,HOUR,HOURNAME,MINUTE,MINUTENAME,TWAY_ID,TWAY_ID2,ROUTE,ROUTENAME,RUR_URB,RUR_URBNAME,FUNC_SYS,FUNC_SYSNAME,RD_OWNER,RD_OWNERNAME,NHS,NHSNAME,SP_JUR,SP_JURNAME,MILEPT,MILEPTNAME,LATITUDE,LATITUDENAME,LONGITUD,LONGITUDNAME,HARM_EV,HARM_EVNAME,MAN_COLL,MAN_COLLNAME,RELJCT1,RELJCT1NAME,RELJCT2,RELJCT2NAME,TYP_INT,TYP_INTNAME,REL_ROAD,REL_ROADNAME,WRK_ZONE,WRK_ZONENAME,LGT_COND,LGT_CONDNAME,WEATHER,WEATHERNAME,SCH_BUS,SCH_BUSNAME,RAIL,RAILNAME,NOT_HOUR,NOT_HOURNAME,NOT_MIN,NOT_MINNAME,ARR_HOUR,ARR_HOURNAME,ARR_MIN,ARR_MINNAME,HOSP_HR,HOSP_HRNAME,HOSP_MN,HOSP_MNNAME,FATALS
55,Wisconsin,550112,0,0,1,1,0,2,2,25,DANE (25),2780,MADISON,4,April,28,28,5,Thursday,2022,2,2:00am-2:59am,13,13,S WHITNEY WAY,ENDEAVOR LN,6,Local Street - Municipality,2,Urban,4,Minor Arterial,4,City or Municipal Highway Agency,0,This section IS NOT on the NHS,0,No Special Jurisdiction,99998,Not Reported,43.05779444,43.05779444,-89.47212222,-89.47212222,42,Tree (Standing Only),0,The First Harmful Event was Not a Collision with a Motor Vehicle in Transport,0,No,3,Intersection-Related,3,T-Intersection,4,On Roadside,0,None,3,Dark - Lighted,1,Clear,0,No,0000000,Not Applicable,2,2:00am-2:59am,19,19,2,2:00am-2:59am,26,26,2,2:00am-2:59am,51,51,1
55,Wisconsin,550113,0,0,1,1,0,1,1,27,DODGE (27),0,NOT APPLICABLE,4,April,25,25,2,Monday,2022,17,5:00pm-5:59pm,30,30,SR-60,NA,3,State Highway,1,Rural,4,Minor Arterial,1,State Highway Agency,0,This section IS NOT on the NHS,0,No Special Jurisdiction,99998,Not Reported,43.34259167,43.34259167,-88.63898056,-88.63898056,32,Culvert,0,The First Harmful Event was Not a Collision with a Motor Vehicle in Transport,0,No,1,Non-Junction,1,Not an Intersection,4,On Roadside,0,None,1,Daylight,10,Cloudy,0,No,0000000,Not Applicable,17,5:00pm-5:59pm,31,31,17,5:00pm-5:59pm,47,47,18,6:00pm-6:59pm,33,33,1
55,Wisconsin,550114,0,0,4,4,0,10,10,127,WALWORTH (127),0,NOT APPLICABLE,5,May,1,1,1,Sunday,2022,13,1:00pm-1:59pm,51,51,SR-89,NA,3,State Highway,1,Rural,4,Minor Arterial,1,State Highway Agency,0,This section IS NOT on the NHS,0,No Special Jurisdiction,99998,Not Reported,42.78313056,42.78313056,-88.74910278,-88.74910278,12,Motor Vehicle In-Transport,1,Front-to-Rear,0,No,1,Non-Junction,1,Not an Intersection,1,On Roadway,0,None,1,Daylight,10,Cloudy,0,No,0000000,Not Applicable,13,1:00pm-1:59pm,53,53,14,2:00pm-2:59pm,9,9,99,Unknown,99,Unknown EMS Hospital Arrival Time,1
55,Wisconsin,550115,0,0,1,1,0,2,2,59,KENOSHA (59),9997,Other,1,January,1,1,7,Saturday,2022,1,1:00am-1:59am,54,54,SR-32 SHERIDAN RD,NA,3,State Highway,2,Urban,3,Principal Arterial - Other,1,State Highway Agency,1,This section IS ON the NHS,0,No Special Jurisdiction,99998,Not Reported,42.65903611,42.65903611,-87.81114722,-87.81114722,30,Utility Pole/Light Support,0,The First Harmful Event was Not a Collision with a Motor Vehicle in Transport,0,No,1,Non-Junction,1,Not an Intersection,4,On Roadside,0,None,2,Dark - Not Lighted,10,Cloudy,0,No,0000000,Not Applicable,99,Unknown,99,Unknown,99,Unknown EMS Scene Arrival Hour,99,Unknown EMS Scene Arrival Minutes,99,Unknown,99,Unknown EMS Hospital Arrival Time,1
55,Wisconsin,550116,0,0,1,1,0,1,1,25,DANE (25),0,NOT APPLICABLE,1,January,1,1,7,Saturday,2022,99,Unknown Hours,99,Unknown Minutes,SR-78,NA,3,State Highway,1,Rural,4,Minor Arterial,1,State Highway Agency,0,This section IS NOT on the NHS,0,No Special Jurisdiction,99998,Not Reported,42.99041111,42.99041111,-89.76027778,-89.76027778,38,Fence,0,The First Harmful Event was Not a Collision with a Motor Vehicle in Transport,0,No,1,Non-Junction,1,Not an Intersection,4,On Roadside,0,None,2,Dark - Not Lighted,10,Cloudy,0,No,0000000,Not Applicable,3,3:00am-3:59am,14,14,3,3:00am-3:59am,20,20,88,Not Applicable (Not Transported),88,Not Applicable (Not Transported),1
55,Wisconsin,550117,0,0,2,2,0,3,3,7,BAYFIELD (7),0,NOT APPLICABLE,1,January,25,25,3,Tuesday,2022,9,9:00am-9:59am,53,53,US-2,NA,2,US Highway,1,Rural,3,Principal Arterial - Other,1,State Highway Agency,1,This section IS ON the NHS,0,No Special Jurisdiction,99998,Not Reported,46.54905833,46.54905833,-91.30369167,-91.30369167,12,Motor Vehicle In-Transport,2,Front-to-Front,0,No,1,Non-Junction,1,Not an Intersection,1,On Roadway,0,None,1,Daylight,1,Clear,0,No,0000000,Not Applicable,9,9:00am-9:59am,0,0,99,Unknown EMS Scene Arrival Hour,99,Unknown EMS Scene Arrival Minutes,10,10:00am-10:59am,0,0,1
55,Wisconsin,550118,0,0,1,1,0,2,2,115,SHAWANO (115),0,NOT APPLICABLE,1,January,19,19,4,Wednesday,2022,7,7:00am-7:59am,40,40,RED RIVER RD,NA,5,Local Street - Township,1,Rural,7,Local,3,Town or Township Highway Agency,0,This section IS NOT on the NHS,0,No Special Jurisdiction,0,None,44.94562222,44.94562222,-89.00179722,-89.00179722,34,Ditch,0,The First Harmful Event was Not a Collision with a Motor Vehicle in Transport,0,No,1,Non-Junction,1,Not an Intersection,4,On Roadside,0,None,1,Daylight,10,Cloudy,0,No,0000000,Not Applicable,99,Unknown,99,Unknown,99,Unknown EMS Scene Arrival Hour,99,Unknown EMS Scene Arrival Minutes,99,Unknown,99,Unknown EMS Hospital Arrival Time,1
55,Wisconsin,550119,0,0,2,2,0,4,4,53,JACKSON (53),540,BLACK RIVER FALLS,1,January,22,22,7,Saturday,2022,1,1:00am-1:59am,30,30,SR-54,NA,3,State Highway,1,Rural,3,Principal Arterial - Other,1,State Highway Agency,0,This section IS NOT on the NHS,0,No Special Jurisdiction,99998,Not Reported,44.29445833,44.29445833,-90.83077778,-90.83077778,12,Motor Vehicle In-Transport,6,Angle,0,No,4,Driveway Access,1,Not an Intersection,1,On Roadway,0,None,3,Dark - Lighted,4,Snow,0,No,0000000,Not Applicable,1,1:00am-1:59am,33,33,1,1:00am-1:59am,38,38,88,Not Applicable (Not Transported),88,Not Applicable (Not Transported),3
55,Wisconsin,550120,0,0,2,2,0,2,2,25,DANE (25),2780,MADISON,1,January,29,29,7,Saturday,2022,9,9:00am-9:59am,3,3,US-51,MILWAUKEE ST,2,US Highway,2,Urban,4,Minor Arterial,1,State Highway Agency,0,This section IS NOT on the NHS,0,No Special Jurisdiction,99998,Not Reported,43.09828611,43.09828611,-89.31597222,-89.31597222,12,Motor Vehicle In-Transport,6,Angle,1,Yes,2,Intersection,2,Four-Way Intersection,1,On Roadway,0,None,1,Daylight,10,Cloudy,0,No,0000000,Not Applicable,9,9:00am-9:59am,3,3,9,9:00am-9:59am,6,6,99,Unknown,99,Unknown EMS Hospital Arrival Time,1
55,Wisconsin,550121,1,1,1,1,0,1,1,31,DOUGLAS (31),4730,SUPERIOR,1,January,29,29,7,Saturday,2022,20,8:00pm-8:59pm,9,9,US-2,POPLAR AVE,2,US Highway,2,Urban,3,Principal Arterial - Other,1,State Highway Agency,1,This section IS ON the NHS,0,No Special Jurisdiction,99998,Not Reported,46.72055278,46.72055278,-92.08390278,-92.08390278,8,Pedestrian,0,The First Harmful Event was Not a Collision with a Motor Vehicle in Transport,1,Yes,3,Intersection-Related,3,T-Intersection,1,On Roadway,0,None,3,Dark - Lighted,10,Cloudy,0,No,0000000,Not Applicable,99,Unknown,99,Unknown,99,Unknown EMS Scene Arrival Hour,99,Unknown EMS Scene Arrival Minutes,88,Not Applicable (Not Transported),88,Not Applicable (Not Transported),1
55,Wisconsin,550122,0,0,4,4,0,4,4,25,DANE (25),0,NOT APPLICABLE,2,February,17,17,5,Thursday,2022,7,7:00am-7:59am,30,30,US-14,NA,2,US Highway,1,Rural,3,Principal Arterial - Other,1,State Highway Agency,1,This section IS ON the NHS,0,No Special Jurisdiction,99998,Not Reported,42.88411111,42.88411111,-89.35098889,-89.35098889,12,Motor Vehicle In-Transport,1,Front-to-Rear,0,No,1,Non-Junction,1,Not an Intersection,1,On Roadway,0,None,1,Daylight,10,Cloudy,0,No,0000000,Not Applicable,7,7:00am-7:59am,31,31,7,7:00am-7:59am,40,40,8,8:00am-8:59am,0,0,1
55,Wisconsin,550123,0,0,2,2,0,3,3,33,DUNN (33),0,NOT APPLICABLE,2,February,16,16,4,Wednesday,2022,8,8:00am-8:59am,25,25,CR-Q,NA,4,County Road,1,Rural,5,Major Collector,2,County Highway Agency,0,This section IS NOT on the NHS,0,No Special Jurisdiction,0,None,44.89858611,44.89858611,-92.09591944,-92.09591944,12,Motor Vehicle In-Transport,2,Front-to-Front,0,No,1,Non-Junction,1,Not an Intersection,1,On Roadway,0,None,1,Daylight,10,Cloudy,0,No,0000000,Not Applicable,8,8:00am-8:59am,25,25,8,8:00am-8:59am,32,32,99,Unknown,99,Unknown EMS Hospital Arrival Time,1
55,Wisconsin,550124,1,1,1,1,0,1,1,85,ONEIDA (85),0,NOT APPLICABLE,3,March,4,4,6,Friday,2022,19,7:00pm-7:59pm,14,14,US-51,NA,2,US Highway,1,Rural,3,Principal Arterial - Other,1,State Highway Agency,1,This section IS ON the NHS,0,No Special Jurisdiction,99998,Not Reported,45.89848333,45.89848333,-89.69755,-89.69755,8,Pedestrian,0,The First Harmful Event was Not a Collision with a Motor Vehicle in Transport,0,No,1,Non-Junction,1,Not an Intersection,1,On Roadway,0,None,3,Dark - Lighted,10,Cloudy,0,No,0000000,Not Applicable,19,7:00pm-7:59pm,17,17,19,7:00pm-7:59pm,18,18,88,Not Applicable (Not Transported),88,Not Applicable (Not Transported),1
55,Wisconsin,550125,0,0,1,1,0,1,1,27,DODGE (27),5050,WATERTOWN,3,March,10,10,5,Thursday,2022,99,Unknown Hours,99,Unknown Minutes,WELSH RD,NA,6,Local Street - Municipality,1,Rural,7,Local,4,City or Municipal Highway Agency,0,This section IS NOT on the NHS,0,No Special Jurisdiction,0,None,43.21105833,43.21105833,-88.76169444,-88.76169444,31,"Post, Pole or Other Supports",0,The First Harmful Event was Not a Collision with a Motor Vehicle in Transport,0,No,1,Non-Junction,1,Not an Intersection,4,On Roadside,0,None,2,Dark - Not Lighted,1,Clear,0,No,0000000,Not Applicable,4,4:00am-4:59am,5,5,4,4:00am-4:59am,13,13,99,Unknown,99,Unknown EMS Hospital Arrival Time,1
55,Wisconsin,550126,0,0,2,2,0,4,4,39,FOND DU LAC (39),0,NOT APPLICABLE,3,March,8,8,3,Tuesday,2022,19,7:00pm-7:59pm,21,21,US-151,NA,2,US Highway,2,Urban,2,Principal Arterial - Other Freeways and Expressways,1,State Highway Agency,1,This section IS ON the NHS,0,No Special Jurisdiction,99998,Not Reported,43.64775278,43.64775278,-88.70918889,-88.70918889,12,Motor Vehicle In-Transport,7,Sideswipe - Same Direction,0,No,1,Non-Junction,1,Not an Intersection,1,On Roadway,0,None,2,Dark - Not Lighted,10,Cloudy,0,No,0000000,Not Applicable,19,7:00pm-7:59pm,21,21,19,7:00pm-7:59pm,22,22,99,Unknown,99,Unknown EMS Hospital Arrival Time,1
55,Wisconsin,550127,0,0,2,2,0,2,2,87,OUTAGAMIE (87),0,NOT APPLICABLE,3,March,18,18,6,Friday,2022,15,3:00pm-3:59pm,45,45,US-45,US-45,2,US Highway,2,Urban,3,Principal Arterial - Other,1,State Highway Agency,1,This section IS ON the NHS,0,No Special Jurisdiction,99998,Not Reported,44.37146389,44.37146389,-88.72580556,-88.72580556,12,Motor Vehicle In-Transport,6,Angle,0,No,2,Intersection,2,Four-Way Intersection,1,On Roadway,0,None,1,Daylight,4,Snow,0,No,0000000,Not Applicable,15,3:00pm-3:59pm,54,54,15,3:00pm-3:59pm,57,57,88,Not Applicable (Not Transported),88,Not Applicable (Not Transported),1
55,Wisconsin,550128,0,0,2,2,0,5,5,117,SHEBOYGAN (117),0,NOT APPLICABLE,3,March,25,25,6,Friday,2022,9,9:00am-9:59am,41,41,SR-32,CR-V,3,State Highway,1,Rural,4,Minor Arterial,1,State Highway Agency,0,This section IS NOT on the NHS,0,No Special Jurisdiction,99998,Not Reported,43.67386944,43.67386944,-87.82051111,-87.82051111,12,Motor Vehicle In-Transport,6,Angle,0,No,2,Intersection,2,Four-Way Intersection,1,On Roadway,0,None,1,Daylight,1,Clear,0,No,0000000,Not Applicable,9,9:00am-9:59am,44,44,9,9:00am-9:59am,58,58,99,Unknown,99,Unknown EMS Hospital Arrival Time,1
55,Wisconsin,550129,0,0,1,1,0,2,2,131,WASHINGTON (131),0,NOT APPLICABLE,3,March,25,25,6,Friday,2022,7,7:00am-7:59am,53,53,I-41,NA,1,Interstate,1,Rural,1,Interstate,1,State Highway Agency,1,This section IS ON the NHS,0,No Special Jurisdiction,99998,Not Reported,43.45080833,43.45080833,-88.35845833,-88.35845833,34,Ditch,0,The First Harmful Event was Not a Collision with a Motor Vehicle in Transport,0,No,1,Non-Junction,1,Not an Intersection,4,On Roadside,0,None,1,Daylight,10,Cloudy,0,No,0000000,Not Applicable,7,7:00am-7:59am,54,54,8,8:00am-8:59am,5,5,8,8:00am-8:59am,24,24,1
55,Wisconsin,550130,0,0,1,1,0,1,1,131,WASHINGTON (131),4089,RICHFIELD,3,March,27,27,1,Sunday,2022,12,12:00pm-12:59pm,50,50,SR-167 HOLY HILL RD,NA,3,State Highway,2,Urban,3,Principal Arterial - Other,1,State Highway Agency,1,This section IS ON the NHS,0,No Special Jurisdiction,99998,Not Reported,43.25110833,43.25110833,-88.23393333,-88.23393333,34,Ditch,0,The First Harmful Event was Not a Collision with a Motor Vehicle in Transport,0,No,1,Non-Junction,1,Not an Intersection,4,On Roadside,0,None,1,Daylight,1,Clear,0,No,0000000,Not Applicable,13,1:00pm-1:59pm,1,1,13,1:00pm-1:59pm,6,6,88,Not Applicable (Not Transported),88,Not Applicable (Not Transported),1
55,Wisconsin,550131,0,0,1,1,0,1,1,25,DANE (25),2780,MADISON,3,March,15,15,3,Tuesday,2022,17,5:00pm-5:59pm,17,17,RAYMOND RD,NA,6,Local Street - Municipality,2,Urban,4,Minor Arterial,4,City or Municipal Highway Agency,0,This section IS NOT on the NHS,0,No Special Jurisdiction,99998,Not Reported,43.03186111,43.03186111,-89.47248333,-89.47248333,42,Tree (Standing Only),0,The First Harmful Event was Not a Collision with a Motor Vehicle in Transport,0,No,1,Non-Junction,1,Not an Intersection,4,On Roadside,0,None,1,Daylight,1,Clear,0,No,0000000,Not Applicable,17,5:00pm-5:59pm,17,17,17,5:00pm-5:59pm,21,21,17,5:00pm-5:59pm,42,42,1
55,Wisconsin,550132,1,1,1,1,0,1,1,79,MILWAUKEE (79),3100,MILWAUKEE,2,February,13,13,1,Sunday,2022,5,5:00am-5:59am,55,55,W ATKINSON AVE,N 12TH ST,6,Local Street - Municipality,2,Urban,4,Minor Arterial,4,City or Municipal Highway Agency,0,This section IS NOT on the NHS,0,No Special Jurisdiction,0,None,43.08500278,43.08500278,-87.92590556,-87.92590556,8,Pedestrian,0,The First Harmful Event was Not a Collision with a Motor Vehicle in Transport,0,No,3,Intersection-Related,2,Four-Way Intersection,1,On Roadway,0,None,4,Dawn,1,Clear,0,No,0000000,Not Applicable,99,Unknown,99,Unknown,99,Unknown EMS Scene Arrival Hour,97,Officially Cancelled,99,Unknown,97,Officially Canceled,1
55,Wisconsin,550133,0,0,2,2,0,2,2,133,WAUKESHA (133),0,NOT APPLICABLE,3,March,28,28,2,Monday,2022,21,9:00pm-9:59pm,20,20,I-94,NA,1,Interstate,2,Urban,1,Interstate,1,State Highway Agency,1,This section IS ON the NHS,0,No Special Jurisdiction,99998,Not Reported,43.03966944,43.03966944,-88.17837778,-88.17837778,12,Motor Vehicle In-Transport,1,Front-to-Rear,0,No,1,Non-Junction,1,Not an Intersection,1,On Roadway,0,None,2,Dark - Not Lighted,1,Clear,0,No,0000000,Not Applicable,99,Unknown,99,Unknown,99,Unknown EMS Scene Arrival Hour,99,Unknown EMS Scene Arrival Minutes,88,Not Applicable (Not Transported),88,Not Applicable (Not Transported),1
55,Wisconsin,550134,1,1,1,1,0,2,2,59,KENOSHA (59),9997,Other,3,March,26,26,7,Saturday,2022,22,10:00pm-10:59pm,26,26,I-41,NA,1,Interstate,1,Rural,1,Interstate,1,State Highway Agency,1,This section IS ON the NHS,0,No Special Jurisdiction,99998,Not Reported,42.65607222,42.65607222,-87.95285556,-87.95285556,8,Pedestrian,0,The First Harmful Event was Not a Collision with a Motor Vehicle in Transport,0,No,1,Non-Junction,1,Not an Intersection,1,On Roadway,0,None,2,Dark - Not Lighted,10,Cloudy,0,No,0000000,Not Applicable,22,10:00pm-10:59pm,30,30,22,10:00pm-10:59pm,42,42,88,Not Applicable (Not Transported),88,Not Applicable (Not Transported),1
55,Wisconsin,550136,0,0,1,1,0,2,2,135,WAUPACA (135),0,NOT APPLICABLE,4,April,22,22,6,Friday,2022,14,2:00pm-2:59pm,35,35,US-10,NA,2,US Highway,1,Rural,3,Principal Arterial - Other,1,State Highway Agency,1,This section IS ON the NHS,0,No Special Jurisdiction,99998,Not Reported,44.30651389,44.30651389,-88.93170278,-88.93170278,52,Guardrail End,0,The First Harmful Event was Not a Collision with a Motor Vehicle in Transport,1,Yes,5,Entrance/Exit Ramp Related,1,Not an Intersection,8,Gore,0,None,1,Daylight,2,Rain,0,No,0000000,Not Applicable,14,2:00pm-2:59pm,37,37,14,2:00pm-2:59pm,48,48,99,Unknown,99,Unknown EMS Hospital Arrival Time,1
55,Wisconsin,550137,0,0,1,1,0,1,1,79,MILWAUKEE (79),3100,MILWAUKEE,4,April,27,27,4,Wednesday,2022,18,6:00pm-6:59pm,24,24,W LISBON AVE,NA,6,Local Street - Municipality,2,Urban,4,Minor Arterial,4,City or Municipal Highway Agency,0,This section IS NOT on the NHS,0,No Special Jurisdiction,99998,Not Reported,43.07349444,43.07349444,-87.99774444,-87.99774444,43,Other Fixed Object,0,The First Harmful Event was Not a Collision with a Motor Vehicle in Transport,0,No,1,Non-Junction,1,Not an Intersection,4,On Roadside,0,None,5,Dusk,10,Cloudy,0,No,0000000,Not Applicable,99,Unknown,99,Unknown,99,Unknown EMS Scene Arrival Hour,99,Unknown EMS Scene Arrival Minutes,88,Not Applicable (Not Transported),88,Not Applicable (Not Transported),1
55,Wisconsin,550138,0,0,1,1,0,1,1,79,MILWAUKEE (79),5160,WEST ALLIS,4,April,30,30,7,Saturday,2022,1,1:00am-1:59am,50,50,W BECHER ST,NA,6,Local Street - Municipality,2,Urban,7,Local,4,City or Municipal Highway Agency,0,This section IS NOT on the NHS,0,No Special Jurisdiction,99998,Not Reported,43.00651389,43.00651389,-88.00015278,-88.00015278,33,Curb,0,The First Harmful Event was Not a Collision with a Motor Vehicle in Transport,0,No,1,Non-Junction,1,Not an Intersection,4,On Roadside,0,None,3,Dark - Lighted,1,Clear,0,No,0000000,Not Applicable,1,1:00am-1:59am,51,51,1,1:00am-1:59am,54,54,88,Not Applicable (Not Transported),88,Not Applicable (Not Transported),1
55,Wisconsin,550139,0,0,2,2,0,3,3,105,ROCK (105),0,NOT APPLICABLE,5,May,4,4,4,Wednesday,2022,12,12:00pm-12:59pm,35,35,SR-213,CR-B,3,State Highway,1,Rural,4,Minor Arterial,1,State Highway Agency,0,This section IS NOT on the NHS,0,No Special Jurisdiction,99998,Not Reported,42.686675,42.686675,-89.28814722,-89.28814722,12,Motor Vehicle In-Transport,6,Angle,0,No,2,Intersection,2,Four-Way Intersection,1,On Roadway,0,None,1,Daylight,1,Clear,0,No,0000000,Not Applicable,12,12:00pm-12:59pm,36,36,12,12:00pm-12:59pm,40,40,13,1:00pm-1:59pm,0,0,1
55,Wisconsin,550141,0,0,1,1,0,1,1,67,LANGLADE (67),0,NOT APPLICABLE,5,May,7,7,7,Saturday,2022,8,8:00am-8:59am,51,51,CR-D,NA,5,Local Street - Township,1,Rural,7,Local,3,Town or Township Highway Agency,0,This section IS NOT on the NHS,0,No Special Jurisdiction,0,None,45.04374722,45.04374722,-89.05311389,-89.05311389,31,"Post, Pole or Other Supports",0,The First Harmful Event was Not a Collision with a Motor Vehicle in Transport,0,No,1,Non-Junction,1,Not an Intersection,4,On Roadside,0,None,1,Daylight,1,Clear,0,No,0000000,Not Applicable,9,9:00am-9:59am,0,0,9,9:00am-9:59am,0,0,99,Unknown,99,Unknown EMS Hospital Arrival Time,1
55,Wisconsin,550142,0,0,1,1,0,1,1,79,MILWAUKEE (79),3100,MILWAUKEE,5,May,1,1,1,Sunday,2022,6,6:00am-6:59am,20,20,I-41,NA,1,Interstate,2,Urban,1,Interstate,1,State Highway Agency,1,This section IS ON the NHS,0,No Special Jurisdiction,99998,Not Reported,43.14156389,43.14156389,-88.05496667,-88.05496667,25,Concrete Traffic Barrier,0,The First Harmful Event was Not a Collision with a Motor Vehicle in Transport,0,No,1,Non-Junction,1,Not an Intersection,3,On Median,0,None,1,Daylight,10,Cloudy,0,No,0000000,Not Applicable,6,6:00am-6:59am,28,28,6,6:00am-6:59am,29,29,88,Not Applicable (Not Transported),88,Not Applicable (Not Transported),1
55,Wisconsin,550143,0,0,2,2,0,3,3,131,WASHINGTON (131),0,NOT APPLICABLE,4,April,20,20,4,Wednesday,2022,15,3:00pm-3:59pm,42,42,SR-33,NA,3,State Highway,2,Urban,3,Principal Arterial - Other,1,State Highway Agency,1,This section IS ON the NHS,0,No Special Jurisdiction,99998,Not Reported,43.42643611,43.42643611,-88.12767222,-88.12767222,12,Motor Vehicle In-Transport,2,Front-to-Front,0,No,1,Non-Junction,1,Not an Intersection,1,On Roadway,0,None,1,Daylight,1,Clear,0,No,0000000,Not Applicable,15,3:00pm-3:59pm,42,42,15,3:00pm-3:59pm,49,49,88,Not Applicable (Not Transported),88,Not Applicable (Not Transported),1
55,Wisconsin,550145,0,0,2,2,0,2,2,47,GREEN LAKE (47),0,NOT APPLICABLE,5,May,6,6,6,Friday,2022,15,3:00pm-3:59pm,7,7,CR-Q,NA,4,County Road,1,Rural,7,Local,2,County Highway Agency,0,This section IS NOT on the NHS,0,No Special Jurisdiction,0,None,43.67241667,43.67241667,-88.90535833,-88.90535833,12,Motor Vehicle In-Transport,2,Front-to-Front,0,No,1,Non-Junction,1,Not an Intersection,1,On Roadway,0,None,1,Daylight,10,Cloudy,0,No,0000000,Not Applicable,15,3:00pm-3:59pm,7,7,15,3:00pm-3:59pm,22,22,16,4:00pm-4:59pm,8,8,1
55,Wisconsin,550146,0,0,1,1,0,1,1,79,MILWAUKEE (79),3100,MILWAUKEE,4,April,18,18,2,Monday,2022,21,9:00pm-9:59pm,47,47,SR-175 W APPLETON AVE,NA,3,State Highway,2,Urban,3,Principal Arterial - Other,1,State Highway Agency,1,This section IS ON the NHS,0,No Special Jurisdiction,99998,Not Reported,43.11856944,43.11856944,-88.03340556,-88.03340556,30,Utility Pole/Light Support,0,The First Harmful Event was Not a Collision with a Motor Vehicle in Transport,0,No,1,Non-Junction,1,Not an Intersection,4,On Roadside,0,None,3,Dark - Lighted,10,Cloudy,0,No,0000000,Not Applicable,99,Unknown,99,Unknown,99,Unknown EMS Scene Arrival Hour,99,Unknown EMS Scene Arrival Minutes,88,Not Applicable (Not Transported),88,Not Applicable (Not Transported),1
55,Wisconsin,550147,0,0,2,2,0,4,4,133,WAUKESHA (133),0,NOT APPLICABLE,4,April,18,18,2,Monday,2022,11,11:00am-11:59am,46,46,SR-67,CR-CW,3,State Highway,1,Rural,4,Minor Arterial,1,State Highway Agency,0,This section IS NOT on the NHS,0,No Special Jurisdiction,99998,Not Reported,43.17963056,43.17963056,-88.50921667,-88.50921667,12,Motor Vehicle In-Transport,6,Angle,1,Yes,2,Intersection,2,Four-Way Intersection,1,On Roadway,0,None,1,Daylight,4,Snow,0,No,0000000,Not Applicable,11,11:00am-11:59am,49,49,11,11:00am-11:59am,55,55,12,12:00pm-12:59pm,35,35,1
55,Wisconsin,550148,0,0,1,1,0,1,1,115,SHAWANO (115),0,NOT APPLICABLE,5,May,13,13,6,Friday,2022,99,Unknown Hours,99,Unknown Minutes,LAKEVIEW RD,NA,5,Local Street - Township,1,Rural,7,Local,3,Town or Township Highway Agency,0,This section IS NOT on the NHS,0,No Special Jurisdiction,0,None,44.76949444,44.76949444,-88.48665556,-88.48665556,34,Ditch,0,The First Harmful Event was Not a Collision with a Motor Vehicle in Transport,0,No,1,Non-Junction,1,Not an Intersection,4,On Roadside,0,None,2,Dark - Not Lighted,2,Rain,0,No,0000000,Not Applicable,21,9:00pm-9:59pm,58,58,22,10:00pm-10:59pm,8,8,88,Not Applicable (Not Transported),88,Not Applicable (Not Transported),1
55,Wisconsin,550149,0,0,2,2,0,2,2,79,MILWAUKEE (79),3100,MILWAUKEE,5,May,10,10,3,Tuesday,2022,15,3:00pm-3:59pm,2,2,SR-175 W APPLETON AVE,SR-175 W HAMPTON AVE,3,State Highway,2,Urban,3,Principal Arterial - Other,1,State Highway Agency,1,This section IS ON the NHS,0,No Special Jurisdiction,99998,Not Reported,43.10500833,43.10500833,-88.01607222,-88.01607222,12,Motor Vehicle In-Transport,6,Angle,0,No,2,Intersection,2,Four-Way Intersection,1,On Roadway,0,None,1,Daylight,1,Clear,0,No,0000000,Not Applicable,99,Unknown,99,Unknown,99,Unknown EMS Scene Arrival Hour,99,Unknown EMS Scene Arrival Minutes,99,Unknown,99,Unknown EMS Hospital Arrival Time,1
55,Wisconsin,550150,0,0,2,2,0,2,2,79,MILWAUKEE (79),3100,MILWAUKEE,3,March,12,12,7,Saturday,2022,11,11:00am-11:59am,5,5,SR-145 FOND DU LAC AVE W,W CONGRESS ST,3,State Highway,2,Urban,3,Principal Arterial - Other,1,State Highway Agency,1,This section IS ON the NHS,0,No Special Jurisdiction,99998,Not Reported,43.09699167,43.09699167,-87.98549167,-87.98549167,12,Motor Vehicle In-Transport,6,Angle,0,No,2,Intersection,2,Four-Way Intersection,1,On Roadway,0,None,1,Daylight,1,Clear,0,No,0000000,Not Applicable,99,Unknown,99,Unknown,99,Unknown EMS Scene Arrival Hour,99,Unknown EMS Scene Arrival Minutes,99,Unknown,99,Unknown EMS Hospital Arrival Time,1
55,Wisconsin,550151,0,0,2,2,0,3,3,107,RUSK (107),0,NOT APPLICABLE,5,May,14,14,7,Saturday,2022,15,3:00pm-3:59pm,22,22,SR-27,NA,3,State Highway,1,Rural,4,Minor Arterial,1,State Highway Agency,0,This section IS NOT on the NHS,0,No Special Jurisdiction,99998,Not Reported,45.32591667,45.32591667,-91.11093056,-91.11093056,12,Motor Vehicle In-Transport,2,Front-to-Front,0,No,1,Non-Junction,1,Not an Intersection,1,On Roadway,0,None,1,Daylight,10,Cloudy,0,No,0000000,Not Applicable,15,3:00pm-3:59pm,24,24,15,3:00pm-3:59pm,35,35,15,3:00pm-3:59pm,46,46,3