STATE,STATENAME,ST_CASE,PEDS,PERNOTMVIT,VE_TOTAL,VE_FORMS,PVH_INVL,PERSONS,PERMVIT,COUNTY,COUNTYNAME,CITY,CITYNAME,MONTH,MONTHNAME,DAY,DAYNAME,DAY_WEEK,DAY_WEEKNAME,YEAR,HOUR,HOURNAME,MINUTE,MINUTENAME,TWAY_ID,TWAY_ID2,ROUTE,ROUTENAME,RUR_URB,RUR_URBNAME,FUNC_SYS,FUNC_SYSNAME,RD_OWNER,RD_OWNERNAME,NHS,NHSNAME,SP_JUR,SP_JURNAME,MILEPT,MILEPTNAME,LATITUDE,LATITUDENAME,LONGITUD,LONGITUDNAME,HARM_EV,HARM_EVNAME,MAN_COLL,MAN_COLLNAME,RELJCT1,RELJCT1NAME,RELJCT2,RELJCT2NAME,TYP_INT,TYP_INTNAME,REL_ROAD,REL_ROADNAME,WRK_ZONE,WRK_ZONENAME,LGT_COND,LGT_CONDNAME,WEATHER,WEATHERNAME,SCH_BUS,SCH_BUSNAME,RAIL,RAILNAME,NOT_HOUR,NOT_HOURNAME,NOT_MIN,NOT_MINNAME,ARR_HOUR,ARR_HOURNAME,ARR_MIN,ARR_MINNAME,HOSP_HR,HOSP_HRNAME,HOSP_MN,HOSP_MNNAME,FATALS
55,Wisconsin,550228,0,0,1,1,0,1,1,19,CLARK (19),0,NOT APPLICABLE,7,July,10,10,1,Sunday,2022,23,11:00pm-11:59pm,0,0,SR-95,NA,3,State Highway,1,Rural,4,Minor Arterial,1,State Highway Agency,0,This section IS NOT on the NHS,0,No Special Jurisdiction,99998,Not Reported,44.48088056,44.48088056,-90.60095,-90.60095,42,Tree (Standing Only),0,The First Harmful Event was Not a Collision with a Motor Vehicle in Transport,0,No,1,Non-Junction,1,Not an Intersection,4,On Roadside,0,None,2,Dark - Not Lighted,99,Reported as Unknown,0,No,0000000,Not Applicable,8,8:00am-8:59am,10,10,8,8:00am-8:59am,21,21,88,Not Applicable (Not Transported),88,Not Applicable (Not Transported),1
55,Wisconsin,550229,0,0,1,1,0,3,3,43,GRANT (43),0,NOT APPLICABLE,7,July,7,7,5,Thursday,2022,2,2:00am-2:59am,52,52,MC ADAM RD,NA,5,Local Street - Township,1,Rural,7,Local,3,Town or Township Highway Agency,0,This section IS NOT on the NHS,0,No Special Jurisdiction,0,None,42.63359722,42.63359722,-90.55854722,-90.55854722,42,Tree (Standing Only),0,The First Harmful Event was Not a Collision with a Motor Vehicle in Transport,0,No,1,Non-Junction,1,Not an Intersection,4,On Roadside,0,None,2,Dark - Not Lighted,1,Clear,0,No,0000000,Not Applicable,2,2:00am-2:59am,55,55,3,3:00am-3:59am,7,7,4,4:00am-4:59am,39,39,1
55,Wisconsin,550230,0,0,3,3,0,11,11,127,WALWORTH (127),0,NOT APPLICABLE,7,July,4,4,2,Monday,2022,14,2:00pm-2:59pm,23,23,SR-120,CR-B,3,State Highway,1,Rural,4,Minor Arterial,1,State Highway Agency,0,This section IS NOT on the NHS,0,No Special Jurisdiction,99998,Not Reported,42.516475,42.516475,-88.44271111,-88.44271111,12,Motor Vehicle In-Transport,6,Angle,0,No,2,Intersection,2,Four-Way Intersection,1,On Roadway,0,None,1,Daylight,10,Cloudy,0,No,0000000,Not Applicable,14,2:00pm-2:59pm,49,49,14,2:00pm-2:59pm,58,58,15,3:00pm-3:59pm,31,31,1
55,Wisconsin,550231,0,0,1,1,0,1,1,79,MILWAUKEE (79),3100,MILWAUKEE,6,June,5,5,1,Sunday,2022,17,5:00pm-5:59pm,23,23,I-94 RAMP,NA,1,Interstate,2,Urban,1,Interstate,1,State Highway Agency,1,This section IS ON the NHS,0,No Special Jurisdiction,99998,Not Reported,43.04016389,43.04016389,-87.92448056,-87.92448056,33,Curb,0,The First Harmful Event was Not a Collision with a Motor Vehicle in Transport,1,Yes,5,Entrance/Exit Ramp Related,1,Not an Intersection,3,On Median,0,None,1,Daylight,1,Clear,0,No,0000000,Not Applicable,17,5:00pm-5:59pm,24,24,17,5:00pm-5:59pm,44,44,18,6:00pm-6:59pm,0,0,1
55,Wisconsin,550232,0,0,1,1,0,2,2,131,WASHINGTON (131),0,NOT APPLICABLE,7,July,8,8,6,Friday,2022,20,8:00pm-8:59pm,8,8,US-45,NA,2,US Highway,2,Urban,2,Principal Arterial - Other Freeways and Expressways,1,State Highway Agency,1,This section IS ON the NHS,0,No Special Jurisdiction,99998,Not Reported,43.34250556,43.34250556,-88.19101111,-88.19101111,1,Rollover/Overturn,0,The First Harmful Event was Not a Collision with a Motor Vehicle in Transport,0,No,1,Non-Junction,1,Not an Intersection,1,On Roadway,0,None,5,Dusk,1,Clear,0,No,0000000,Not Applicable,20,8:00pm-8:59pm,11,11,20,8:00pm-8:59pm,15,15,20,8:00pm-8:59pm,58,58,1
55,Wisconsin,550233,1,1,1,1,0,1,1,111,SAUK (111),0,NOT APPLICABLE,7,July,14,14,5,Thursday,2022,12,12:00pm-12:59pm,48,48,SR-78,NA,3,State Highway,1,Rural,4,Minor Arterial,1,State Highway Agency,0,This section IS NOT on the NHS,0,No Special Jurisdiction,99998,Not Reported,43.37268333,43.37268333,-89.68883611,-89.68883611,9,Pedalcyclist,0,The First Harmful Event was Not a Collision with a Motor Vehicle in Transport,0,No,1,Non-Junction,1,Not an Intersection,1,On Roadway,0,None,1,Daylight,1,Clear,0,No,0000000,Not Applicable,12,12:00pm-12:59pm,51,51,13,1:00pm-1:59pm,7,7,88,Not Applicable (Not Transported),88,Not Applicable (Not Transported),1
55,Wisconsin,550234,0,0,2,2,0,4,4,59,KENOSHA (59),685,BRISTOL,6,June,29,29,4,Wednesday,2022,11,11:00am-11:59am,28,28,US-45,CR-V,2,US Highway,1,Rural,4,Minor Arterial,1,State Highway Agency,0,This section IS NOT on the NHS,0,No Special Jurisdiction,99998,Not Reported,42.51095,42.51095,-88.02830833,-88.02830833,12,Motor Vehicle In-Transport,6,Angle,0,No,2,Intersection,3,T-Intersection,1,On Roadway,0,None,1,Daylight,1,Clear,0,No,0000000,Not Applicable,99,Unknown,99,Unknown,99,Unknown EMS Scene Arrival Hour,99,Unknown EMS Scene Arrival Minutes,99,Unknown,99,Unknown EMS Hospital Arrival Time,1
55,Wisconsin,550235,0,0,1,1,0,1,1,83,OCONTO (83),0,NOT APPLICABLE,7,July,10,10,1,Sunday,2022,15,3:00pm-3:59pm,53,53,US-41,NA,2,US Highway,1,Rural,2,Principal Arterial - Other Freeways and Expressways,1,State Highway Agency,1,This section IS ON the NHS,0,No Special Jurisdiction,99998,Not Reported,44.79343333,44.79343333,-88.03541944,-88.03541944,34,Ditch,0,The First Harmful Event was Not a Collision with a Motor Vehicle in Transport,0,No,1,Non-Junction,1,Not an Intersection,3,On Median,0,None,1,Daylight,1,Clear,0,No,0000000,Not Applicable,15,3:00pm-3:59pm,55,55,16,4:00pm-4:59pm,7,7,16,4:00pm-4:59pm,38,38,1
55,Wisconsin,550236,0,0,2,2,0,3,3,9,BROWN (9),0,NOT APPLICABLE,6,June,21,21,3,Tuesday,2022,12,12:00pm-12:59pm,26,26,SR-29,CR-P,3,State Highway,1,Rural,4,Minor Arterial,1,State Highway Agency,0,This section IS NOT on the NHS,0,No Special Jurisdiction,99998,Not Reported,44.44376944,44.44376944,-87.78568333,-87.78568333,12,Motor Vehicle In-Transport,6,Angle,0,No,2,Intersection,2,Four-Way Intersection,1,On Roadway,0,None,1,Daylight,10,Cloudy,0,No,0000000,Not Applicable,12,12:00pm-12:59pm,26,26,99,Unknown EMS Scene Arrival Hour,99,Unknown EMS Scene Arrival Minutes,13,1:00pm-1:59pm,0,0,1
55,Wisconsin,550237,0,0,3,3,0,5,5,133,WAUKESHA (133),1305,DELAFIELD,7,July,5,5,3,Tuesday,2022,9,9:00am-9:59am,44,44,I-94,NA,1,Interstate,2,Urban,1,Interstate,1,State Highway Agency,1,This section IS ON the NHS,0,No Special Jurisdiction,99998,Not Reported,43.051575,43.051575,-88.37481111,-88.37481111,12,Motor Vehicle In-Transport,1,Front-to-Rear,1,Yes,18,Through Roadway,1,Not an Intersection,1,On Roadway,0,None,1,Daylight,1,Clear,0,No,0000000,Not Applicable,9,9:00am-9:59am,0,0,9,9:00am-9:59am,0,0,99,Unknown,99,Unknown EMS Hospital Arrival Time,1
55,Wisconsin,550238,0,0,2,2,0,4,4,37,FLORENCE (37),0,NOT APPLICABLE,7,July,14,14,5,Thursday,2022,19,7:00pm-7:59pm,24,24,CR-C,NA,4,County Road,1,Rural,5,Major Collector,2,County Highway Agency,0,This section IS NOT on the NHS,0,No Special Jurisdiction,0,None,45.79855,45.79855,-88.25041944,-88.25041944,12,Motor Vehicle In-Transport,2,Front-to-Front,0,No,1,Non-Junction,1,Not an Intersection,4,On Roadside,0,None,1,Daylight,1,Clear,0,No,0000000,Not Applicable,19,7:00pm-7:59pm,30,30,19,7:00pm-7:59pm,38,38,20,8:00pm-8:59pm,0,0,1
55,Wisconsin,550239,0,0,2,2,0,7,7,27,DODGE (27),0,NOT APPLICABLE,7,July,10,10,1,Sunday,2022,15,3:00pm-3:59pm,47,47,SR-60,NA,3,State Highway,1,Rural,4,Minor Arterial,1,State Highway Agency,0,This section IS NOT on the NHS,0,No Special Jurisdiction,99998,Not Reported,43.32546389,43.32546389,-88.43724722,-88.43724722,12,Motor Vehicle In-Transport,7,Sideswipe - Same Direction,0,No,1,Non-Junction,1,Not an Intersection,1,On Roadway,0,None,1,Daylight,10,Cloudy,0,No,0000000,Not Applicable,15,3:00pm-3:59pm,48,48,16,4:00pm-4:59pm,0,0,16,4:00pm-4:59pm,24,24,1
55,Wisconsin,550240,0,0,2,2,0,1,1,139,WINNEBAGO (139),3620,OSHKOSH,7,July,13,13,4,Wednesday,2022,18,6:00pm-6:59pm,45,45,W 12TH AVE,NA,6,Local Street - Municipality,2,Urban,7,Local,4,City or Municipal Highway Agency,0,This section IS NOT on the NHS,0,No Special Jurisdiction,0,None,44.00744444,44.00744444,-88.55081111,-88.55081111,12,Motor Vehicle In-Transport,1,Front-to-Rear,0,No,1,Non-Junction,1,Not an Intersection,1,On Roadway,0,None,1,Daylight,1,Clear,0,No,0000000,Not Applicable,16,4:00pm-4:59pm,45,45,16,4:00pm-4:59pm,47,47,88,Not Applicable (Not Transported),88,Not Applicable (Not Transported),1
55,Wisconsin,550241,0,0,2,2,0,4,4,133,WAUKESHA (133),0,NOT APPLICABLE,7,July,17,17,1,Sunday,2022,13,1:00pm-1:59pm,41,41,SR-59,ROCKWOOD TRL,3,State Highway,2,Urban,3,Principal Arterial - Other,1,State Highway Agency,1,This section IS ON the NHS,0,No Special Jurisdiction,99998,Not Reported,42.96285556,42.96285556,-88.324925,-88.324925,12,Motor Vehicle In-Transport,2,Front-to-Front,0,No,2,Intersection,3,T-Intersection,1,On Roadway,0,None,1,Daylight,1,Clear,0,No,0000000,Not Applicable,13,1:00pm-1:59pm,41,41,13,1:00pm-1:59pm,49,49,99,Unknown,99,Unknown EMS Hospital Arrival Time,1
55,Wisconsin,550242,0,0,1,1,0,1,1,27,DODGE (27),0,NOT APPLICABLE,7,July,20,20,4,Wednesday,2022,0,0:00am-0:59am,30,30,CR-G,NA,4,County Road,1,Rural,5,Major Collector,2,County Highway Agency,0,This section IS NOT on the NHS,0,No Special Jurisdiction,0,None,43.48633056,43.48633056,-88.89585,-88.89585,1,Rollover/Overturn,0,The First Harmful Event was Not a Collision with a Motor Vehicle in Transport,0,No,1,Non-Junction,1,Not an Intersection,4,On Roadside,0,None,2,Dark - Not Lighted,10,Cloudy,0,No,0000000,Not Applicable,0,0:00am-0:59am,42,42,0,0:00am-0:59am,53,53,1,1:00am-1:59am,24,24,1
55,Wisconsin,550243,0,0,2,2,0,5,5,79,MILWAUKEE (79),3100,MILWAUKEE,6,June,25,25,7,Saturday,2022,0,0:00am-0:59am,35,35,SR-145,PVT DRIVE,3,State Highway,2,Urban,3,Principal Arterial - Other,1,State Highway Agency,1,This section IS ON the NHS,0,No Special Jurisdiction,99998,Not Reported,43.07392778,43.07392778,-87.95573056,-87.95573056,12,Motor Vehicle In-Transport,6,Angle,0,No,2,Intersection,3,T-Intersection,1,On Roadway,0,None,3,Dark - Lighted,1,Clear,0,No,0000000,Not Applicable,99,Unknown,99,Unknown,99,Unknown EMS Scene Arrival Hour,99,Unknown EMS Scene Arrival Minutes,99,Unknown,99,Unknown EMS Hospital Arrival Time,1
55,Wisconsin,550244,1,1,2,2,0,4,4,31,DOUGLAS (31),4730,SUPERIOR,7,July,15,15,6,Friday,2022,1,1:00am-1:59am,15,15,US-2,NA,2,US Highway,2,Urban,3,Principal Arterial - Other,1,State Highway Agency,1,This section IS ON the NHS,0,No Special Jurisdiction,99998,Not Reported,46.67528889,46.67528889,-92.00730278,-92.00730278,8,Pedestrian,0,The First Harmful Event was Not a Collision with a Motor Vehicle in Transport,0,No,1,Non-Junction,1,Not an Intersection,1,On Roadway,0,None,3,Dark - Lighted,10,Cloudy,0,No,0000000,Not Applicable,99,Unknown,99,Unknown,99,Unknown EMS Scene Arrival Hour,99,Unknown EMS Scene Arrival Minutes,99,Unknown,99,Unknown EMS Hospital Arrival Time,2
55,Wisconsin,550245,0,0,2,2,0,2,2,1,ADAMS (1),0,NOT APPLICABLE,7,July,16,16,7,Saturday,2022,6,6:00am-6:59am,43,43,SR-23,CR-B,3,State Highway,1,Rural,5,Major Collector,2,County Highway Agency,0,This section IS NOT on the NHS,0,No Special Jurisdiction,99998,Not Reported,43.65041667,43.65041667,-89.71592778,-89.71592778,12,Motor Vehicle In-Transport,6,Angle,0,No,2,Intersection,2,Four-Way Intersection,1,On Roadway,0,None,4,Dawn,5,"Fog, Smog, Smoke",0,No,0000000,Not Applicable,6,6:00am-6:59am,45,45,99,Unknown EMS Scene Arrival Hour,99,Unknown EMS Scene Arrival Minutes,99,Unknown,99,Unknown EMS Hospital Arrival Time,1
55,Wisconsin,550246,0,0,1,1,0,2,2,29,DOOR (29),0,NOT APPLICABLE,7,July,19,19,3,Tuesday,2022,20,8:00pm-8:59pm,55,55,HERITAGE LAKE RD,NA,5,Local Street - Township,1,Rural,7,Local,3,Town or Township Highway Agency,0,This section IS NOT on the NHS,0,No Special Jurisdiction,0,None,45.05663611,45.05663611,-87.25539722,-87.25539722,34,Ditch,0,The First Harmful Event was Not a Collision with a Motor Vehicle in Transport,0,No,1,Non-Junction,1,Not an Intersection,4,On Roadside,0,None,2,Dark - Not Lighted,1,Clear,0,No,0000000,Not Applicable,20,8:00pm-8:59pm,56,56,21,9:00pm-9:59pm,13,13,99,Unknown,99,Unknown EMS Hospital Arrival Time,1
55,Wisconsin,550247,0,0,2,2,0,2,2,91,PEPIN (91),0,NOT APPLICABLE,7,July,8,8,6,Friday,2022,16,4:00pm-4:59pm,44,44,SR-35,NA,3,State Highway,1,Rural,4,Minor Arterial,1,State Highway Agency,0,This section IS NOT on the NHS,0,No Special Jurisdiction,99998,Not Reported,44.51311667,44.51311667,-92.29037778,-92.29037778,12,Motor Vehicle In-Transport,6,Angle,0,No,8,Driveway Access Related,1,Not an Intersection,1,On Roadway,0,None,1,Daylight,1,Clear,0,No,0000000,Not Applicable,16,4:00pm-4:59pm,43,43,16,4:00pm-4:59pm,0,0,99,Unknown,99,Unknown EMS Hospital Arrival Time,1
55,Wisconsin,550248,0,0,2,2,0,2,2,1,ADAMS (1),0,NOT APPLICABLE,7,July,19,19,3,Tuesday,2022,2,2:00am-2:59am,28,28,CR-B,NA,4,County Road,1,Rural,5,Major Collector,2,County Highway Agency,0,This section IS NOT on the NHS,0,No Special Jurisdiction,0,None,43.71188333,43.71188333,-89.71793333,-89.71793333,12,Motor Vehicle In-Transport,2,Front-to-Front,0,No,1,Non-Junction,1,Not an Intersection,1,On Roadway,0,None,2,Dark - Not Lighted,10,Cloudy,0,No,0000000,Not Applicable,2,2:00am-2:59am,33,33,99,Unknown EMS Scene Arrival Hour,99,Unknown EMS Scene Arrival Minutes,99,Unknown,99,Unknown EMS Hospital Arrival Time,1
55,Wisconsin,550249,0,0,1,1,0,1,1,63,LA CROSSE (63),2490,LA CROSSE,6,June,27,27,2,Monday,2022,23,11:00pm-11:59pm,41,41,US-14,NA,2,US Highway,2,Urban,3,Principal Arterial - Other,1,State Highway Agency,1,This section IS ON the NHS,0,No Special Jurisdiction,99998,Not Reported,43.76790833,43.76790833,-91.21228333,-91.21228333,31,"Post, Pole or Other Supports",0,The First Harmful Event was Not a Collision with a Motor Vehicle in Transport,0,No,1,Non-Junction,1,Not an Intersection,4,On Roadside,0,None,2,Dark - Not Lighted,10,Cloudy,0,No,0000000,Not Applicable,23,11:00pm-11:59pm,42,42,99,Unknown EMS Scene Arrival Hour,99,Unknown EMS Scene Arrival Minutes,99,Unknown,99,Unknown EMS Hospital Arrival Time,1
55,Wisconsin,550250,0,0,1,1,0,1,1,1,ADAMS (1),0,NOT APPLICABLE,7,July,16,16,7,Saturday,2022,23,11:00pm-11:59pm,27,27,SR-13,NA,3,State Highway,1,Rural,4,Minor Arterial,1,State Highway Agency,0,This section IS NOT on the NHS,0,No Special Jurisdiction,99998,Not Reported,43.81896111,43.81896111,-89.83685,-89.83685,34,Ditch,0,The First Harmful Event was Not a Collision with a Motor Vehicle in Transport,0,No,1,Non-Junction,1,Not an Intersection,4,On Roadside,0,None,2,Dark - Not Lighted,1,Clear,0,No,0000000,Not Applicable,23,11:00pm-11:59pm,34,34,23,11:00pm-11:59pm,42,42,88,Not Applicable (Not Transported),88,Not Applicable (Not Transported),1
55,Wisconsin,550251,0,0,2,2,0,3,3,127,WALWORTH (127),0,NOT APPLICABLE,7,July,20,20,4,Wednesday,2022,8,8:00am-8:59am,30,30,SR-11,CR-JS,3,State Highway,1,Rural,3,Principal Arterial - Other,1,State Highway Agency,1,This section IS ON the NHS,0,No Special Jurisdiction,99998,Not Reported,42.68171111,42.68171111,-88.33241389,-88.33241389,12,Motor Vehicle In-Transport,6,Angle,0,No,2,Intersection,3,T-Intersection,1,On Roadway,0,None,1,Daylight,1,Clear,0,No,0000000,Not Applicable,8,8:00am-8:59am,42,42,8,8:00am-8:59am,48,48,9,9:00am-9:59am,43,43,1
55,Wisconsin,550252,1,1,1,1,0,1,1,79,MILWAUKEE (79),3100,MILWAUKEE,7,July,11,11,2,Monday,2022,21,9:00pm-9:59pm,51,51,N 35TH ST,W HADLEY ST,6,Local Street - Municipality,2,Urban,4,Minor Arterial,4,City or Municipal Highway Agency,0,This section IS NOT on the NHS,0,No Special Jurisdiction,0,None,43.06984722,43.06984722,-87.95738056,-87.95738056,8,Pedestrian,0,The First Harmful Event was Not a Collision with a Motor Vehicle in Transport,0,No,3,Intersection-Related,2,Four-Way Intersection,1,On Roadway,0,None,3,Dark - Lighted,10,Cloudy,0,No,0000000,Not Applicable,99,Unknown,99,Unknown,99,Unknown EMS Scene Arrival Hour,99,Unknown EMS Scene Arrival Minutes,88,Not Applicable (Not Transported),88,Not Applicable (Not Transported),1
55,Wisconsin,550253,0,0,1,1,0,1,1,5,BARRON (5),4080,RICE LAKE,7,July,15,15,6,Friday,2022,23,11:00pm-11:59pm,12,12,S MAIN ST,NA,6,Local Street - Municipality,2,Urban,4,Minor Arterial,4,City or Municipal Highway Agency,0,This section IS NOT on the NHS,9,Unknown,0,None,45.47030556,45.47030556,-91.73534167,-91.73534167,34,Ditch,0,The First Harmful Event was Not a Collision with a Motor Vehicle in Transport,0,No,1,Non-Junction,1,Not an Intersection,4,On Roadside,0,None,6,Dark - Unknown Lighting,1,Clear,0,No,0000000,Not Applicable,99,Unknown,99,Unknown,99,Unknown EMS Scene Arrival Hour,99,Unknown EMS Scene Arrival Minutes,99,Unknown,99,Unknown EMS Hospital Arrival Time,1
55,Wisconsin,550254,0,0,2,2,0,2,2,25,DANE (25),9997,Other,7,July,7,7,5,Thursday,2022,15,3:00pm-3:59pm,33,33,CR-V,PORTAGE RD,4,County Road,1,Rural,5,Major Collector,2,County Highway Agency,0,This section IS NOT on the NHS,0,No Special Jurisdiction,0,None,43.26715556,43.26715556,-89.29955556,-89.29955556,12,Motor Vehicle In-Transport,6,Angle,0,No,2,Intersection,3,T-Intersection,1,On Roadway,0,None,1,Daylight,1,Clear,0,No,0000000,Not Applicable,99,Unknown,99,Unknown,99,Unknown EMS Scene Arrival Hour,99,Unknown EMS Scene Arrival Minutes,99,Unknown,99,Unknown EMS Hospital Arrival Time,1
55,Wisconsin,550255,1,1,1,1,0,1,1,139,WINNEBAGO (139),0,NOT APPLICABLE,7,July,25,25,2,Monday,2022,18,6:00pm-6:59pm,3,3,I-41,NA,1,Interstate,1,Rural,1,Interstate,1,State Highway Agency,1,This section IS ON the NHS,0,No Special Jurisdiction,99998,Not Reported,44.10258333,44.10258333,-88.53524167,-88.53524167,38,Fence,0,The First Harmful Event was Not a Collision with a Motor Vehicle in Transport,0,No,1,Non-Junction,1,Not an Intersection,4,On Roadside,0,None,1,Daylight,1,Clear,0,No,0000000,Not Applicable,18,6:00pm-6:59pm,7,7,18,6:00pm-6:59pm,10,10,18,6:00pm-6:59pm,55,55,1
55,Wisconsin,550256,0,0,1,1,0,1,1,101,RACINE (101),0,NOT APPLICABLE,7,July,26,26,3,Tuesday,2022,14,2:00pm-2:59pm,45,45,LOOMIS RD,NA,8,Other,2,Urban,5,Major Collector,2,County Highway Agency,0,This section IS NOT on the NHS,0,No Special Jurisdiction,0,None,42.81818056,42.81818056,-88.16204722,-88.16204722,53,Mail Box,0,The First Harmful Event was Not a Collision with a Motor Vehicle in Transport,0,No,1,Non-Junction,1,Not an Intersection,4,On Roadside,0,None,1,Daylight,1,Clear,0,No,0000000,Not Applicable,14,2:00pm-2:59pm,45,45,14,2:00pm-2:59pm,54,54,88,Not Applicable (Not Transported),88,Not Applicable (Not Transported),1
55,Wisconsin,550257,0,0,2,2,0,2,2,101,RACINE (101),9997,Other,6,June,30,30,5,Thursday,2022,7,7:00am-7:59am,26,26,SR-11,NA,3,State Highway,2,Urban,3,Principal Arterial - Other,1,State Highway Agency,1,This section IS ON the NHS,0,No Special Jurisdiction,99998,Not Reported,42.68155833,42.68155833,-88.06773333,-88.06773333,12,Motor Vehicle In-Transport,6,Angle,0,No,1,Non-Junction,1,Not an Intersection,1,On Roadway,0,None,1,Daylight,10,Cloudy,0,No,0000000,Not Applicable,7,7:00am-7:59am,26,26,8,8:00am-8:59am,99,Unknown EMS Scene Arrival Minutes,99,Unknown,99,Unknown EMS Hospital Arrival Time,1
55,Wisconsin,550258,0,0,2,2,0,3,3,59,KENOSHA (59),2400,KENOSHA,7,July,23,23,7,Saturday,2022,11,11:00am-11:59am,21,21,38TH ST,CR-N,8,Other,2,Urban,5,Major Collector,2,County Highway Agency,0,This section IS NOT on the NHS,0,No Special Jurisdiction,99998,Not Reported,42.60403056,42.60403056,-87.95269167,-87.95269167,12,Motor Vehicle In-Transport,6,Angle,0,No,2,Intersection,2,Four-Way Intersection,1,On Roadway,0,None,1,Daylight,1,Clear,0,No,0000000,Not Applicable,99,Unknown,99,Unknown,99,Unknown EMS Scene Arrival Hour,99,Unknown EMS Scene Arrival Minutes,99,Unknown,99,Unknown EMS Hospital Arrival Time,1
55,Wisconsin,550259,0,0,2,2,0,5,5,79,MILWAUKEE (79),3100,MILWAUKEE,7,July,17,17,1,Sunday,2022,22,10:00pm-10:59pm,53,53,W CONGRESS ST,NA,6,Local Street - Municipality,2,Urban,5,Major Collector,4,City or Municipal Highway Agency,0,This section IS NOT on the NHS,0,No Special Jurisdiction,99998,Not Reported,43.09721944,43.09721944,-87.98993889,-87.98993889,12,Motor Vehicle In-Transport,6,Angle,0,No,1,Non-Junction,1,Not an Intersection,1,On Roadway,0,None,3,Dark - Lighted,1,Clear,0,No,0000000,Not Applicable,99,Unknown,99,Unknown,99,Unknown EMS Scene Arrival Hour,99,Unknown EMS Scene Arrival Minutes,99,Unknown,99,Unknown EMS Hospital Arrival Time,1
55,Wisconsin,550260,1,1,1,1,0,1,1,111,SAUK (111),0,NOT APPLICABLE,7,July,27,27,4,Wednesday,2022,9,9:00am-9:59am,30,30,DURWARDS GLEN RD,NA,5,Local Street - Township,1,Rural,6,Minor Collector,3,Town or Township Highway Agency,0,This section IS NOT on the NHS,0,No Special Jurisdiction,99998,Not Reported,43.47259722,43.47259722,-89.62076389,-89.62076389,8,Pedestrian,0,The First Harmful Event was Not a Collision with a Motor Vehicle in Transport,0,No,1,Non-Junction,1,Not an Intersection,4,On Roadside,0,None,1,Daylight,1,Clear,0,No,0000000,Not Applicable,88,Not Applicable (Not Notified),88,Not Applicable (Not Notified),88,Not Applicable,88,Not Applicable,88,Not Applicable (Not Transported),88,Not Applicable (Not Transported),1
55,Wisconsin,550261,0,0,2,2,0,2,2,101,RACINE (101),9997,Other,7,July,13,13,4,Wednesday,2022,21,9:00pm-9:59pm,50,50,SR-11,NA,3,State Highway,2,Urban,3,Principal Arterial - Other,1,State Highway Agency,1,This section IS ON the NHS,0,No Special Jurisdiction,99998,Not Reported,42.695075,42.695075,-87.96916111,-87.96916111,12,Motor Vehicle In-Transport,1,Front-to-Rear,0,No,1,Non-Junction,1,Not an Intersection,1,On Roadway,0,None,2,Dark - Not Lighted,1,Clear,0,No,0000000,Not Applicable,99,Unknown,99,Unknown,99,Unknown EMS Scene Arrival Hour,99,Unknown EMS Scene Arrival Minutes,99,Unknown,99,Unknown EMS Hospital Arrival Time,1
55,Wisconsin,550262,0,0,1,1,0,1,1,79,MILWAUKEE (79),3100,MILWAUKEE,7,July,26,26,3,Tuesday,2022,14,2:00pm-2:59pm,7,7,CR-E,NA,4,County Road,2,Urban,3,Principal Arterial - Other,2,County Highway Agency,1,This section IS ON the NHS,0,No Special Jurisdiction,99998,Not Reported,43.11974722,43.11974722,-88.00484722,-88.00484722,33,Curb,0,The First Harmful Event was Not a Collision with a Motor Vehicle in Transport,0,No,1,Non-Junction,1,Not an Intersection,3,On Median,0,None,1,Daylight,1,Clear,0,No,0000000,Not Applicable,99,Unknown,99,Unknown,99,Unknown EMS Scene Arrival Hour,99,Unknown EMS Scene Arrival Minutes,88,Not Applicable (Not Transported),88,Not Applicable (Not Transported),1
55,Wisconsin,550263,0,0,1,1,0,1,1,133,WAUKESHA (133),2990,MENOMONEE FALLS,7,July,22,22,6,Friday,2022,1,1:00am-1:59am,15,15,CR-Y,NA,4,County Road,2,Urban,4,Minor Arterial,2,County Highway Agency,0,This section IS NOT on the NHS,0,No Special Jurisdiction,99998,Not Reported,43.18485278,43.18485278,-88.16248333,-88.16248333,42,Tree (Standing Only),0,The First Harmful Event was Not a Collision with a Motor Vehicle in Transport,0,No,1,Non-Junction,1,Not an Intersection,4,On Roadside,0,None,2,Dark - Not Lighted,10,Cloudy,0,No,0000000,Not Applicable,1,1:00am-1:59am,16,16,1,1:00am-1:59am,25,25,88,Not Applicable (Not Transported),88,Not Applicable (Not Transported),1
55,Wisconsin,550264,1,1,1,1,0,2,2,103,RICHLAND (103),0,NOT APPLICABLE,5,May,26,26,5,Thursday,2022,14,2:00pm-2:59pm,55,55,SR-58,NA,3,State Highway,1,Rural,4,Minor Arterial,1,State Highway Agency,0,This section IS NOT on the NHS,0,No Special Jurisdiction,99998,Not Reported,43.32427778,43.32427778,-90.29165278,-90.29165278,8,Pedestrian,0,The First Harmful Event was Not a Collision with a Motor Vehicle in Transport,0,No,1,Non-Junction,1,Not an Intersection,1,On Roadway,0,None,1,Daylight,10,Cloudy,0,No,0000000,Not Applicable,15,3:00pm-3:59pm,5,5,15,3:00pm-3:59pm,8,8,88,Not Applicable (Not Transported),88,Not Applicable (Not Transported),1