STATE,STATENAME,ST_CASE,PEDS,PERNOTMVIT,VE_TOTAL,VE_FORMS,PVH_INVL,PERSONS,PERMVIT,COUNTY,COUNTYNAME,CITY,CITYNAME,MONTH,MONTHNAME,DAY,DAYNAME,DAY_WEEK,DAY_WEEKNAME,YEAR,HOUR,HOURNAME,MINUTE,MINUTENAME,TWAY_ID,TWAY_ID2,ROUTE,ROUTENAME,RUR_URB,RUR_URBNAME,FUNC_SYS,FUNC_SYSNAME,RD_OWNER,RD_OWNERNAME,NHS,NHSNAME,SP_JUR,SP_JURNAME,MILEPT,MILEPTNAME,LATITUDE,LATITUDENAME,LONGITUD,LONGITUDNAME,HARM_EV,HARM_EVNAME,MAN_COLL,MAN_COLLNAME,RELJCT1,RELJCT1NAME,RELJCT2,RELJCT2NAME,TYP_INT,TYP_INTNAME,REL_ROAD,REL_ROADNAME,WRK_ZONE,WRK_ZONENAME,LGT_COND,LGT_CONDNAME,WEATHER,WEATHERNAME,SCH_BUS,SCH_BUSNAME,RAIL,RAILNAME,NOT_HOUR,NOT_HOURNAME,NOT_MIN,NOT_MINNAME,ARR_HOUR,ARR_HOURNAME,ARR_MIN,ARR_MINNAME,HOSP_HR,HOSP_HRNAME,HOSP_MN,HOSP_MNNAME,FATALS
55,Wisconsin,550265,0,0,2,2,0,4,4,105,ROCK (105),440,BELOIT,7,July,23,23,7,Saturday,2022,13,1:00pm-1:59pm,27,27,GATEWAY BLVD,TOWN HALL RD,6,Local Street - Municipality,2,Urban,4,Minor Arterial,4,City or Municipal Highway Agency,0,This section IS NOT on the NHS,0,No Special Jurisdiction,0,None,42.535525,42.535525,-88.95449722,-88.95449722,12,Motor Vehicle In-Transport,6,Angle,0,No,2,Intersection,3,T-Intersection,1,On Roadway,0,None,1,Daylight,10,Cloudy,0,No,0000000,Not Applicable,99,Unknown,99,Unknown,99,Unknown EMS Scene Arrival Hour,99,Unknown EMS Scene Arrival Minutes,99,Unknown,99,Unknown EMS Hospital Arrival Time,1
55,Wisconsin,550266,0,0,3,3,0,4,4,3,ASHLAND (3),220,ASHLAND,7,July,22,22,6,Friday,2022,12,12:00pm-12:59pm,26,26,US-2,TURNER RD,2,US Highway,2,Urban,3,Principal Arterial - Other,1,State Highway Agency,1,This section IS ON the NHS,0,No Special Jurisdiction,99998,Not Reported,46.58249444,46.58249444,-90.91676944,-90.91676944,12,Motor Vehicle In-Transport,6,Angle,0,No,2,Intersection,2,Four-Way Intersection,1,On Roadway,0,None,1,Daylight,1,Clear,0,No,0000000,Not Applicable,99,Unknown,99,Unknown,99,Unknown EMS Scene Arrival Hour,99,Unknown EMS Scene Arrival Minutes,99,Unknown,99,Unknown EMS Hospital Arrival Time,2
55,Wisconsin,550267,0,0,2,2,0,4,4,81,MONROE (81),0,NOT APPLICABLE,7,July,16,16,7,Saturday,2022,9,9:00am-9:59am,50,50,I-90,NA,1,Interstate,1,Rural,1,Interstate,1,State Highway Agency,1,This section IS ON the NHS,0,No Special Jurisdiction,99998,Not Reported,43.98206111,43.98206111,-90.43188333,-90.43188333,12,Motor Vehicle In-Transport,7,Sideswipe - Same Direction,0,No,1,Non-Junction,1,Not an Intersection,1,On Roadway,0,None,1,Daylight,10,Cloudy,0,No,0000000,Not Applicable,99,Unknown,99,Unknown,99,Unknown EMS Scene Arrival Hour,99,Unknown EMS Scene Arrival Minutes,99,Unknown,99,Unknown EMS Hospital Arrival Time,1
55,Wisconsin,550268,0,0,2,2,0,2,2,57,JUNEAU (57),0,NOT APPLICABLE,7,July,13,13,4,Wednesday,2022,12,12:00pm-12:59pm,56,56,CR-HH,NA,4,County Road,1,Rural,5,Major Collector,2,County Highway Agency,0,This section IS NOT on the NHS,0,No Special Jurisdiction,0,None,43.72518056,43.72518056,-89.88334722,-89.88334722,12,Motor Vehicle In-Transport,2,Front-to-Front,0,No,1,Non-Junction,1,Not an Intersection,1,On Roadway,0,None,1,Daylight,10,Cloudy,0,No,0000000,Not Applicable,12,12:00pm-12:59pm,57,57,13,1:00pm-1:59pm,2,2,14,2:00pm-2:59pm,0,0,1
55,Wisconsin,550269,0,0,1,1,0,1,1,53,JACKSON (53),0,NOT APPLICABLE,7,July,29,29,6,Friday,2022,14,2:00pm-2:59pm,2,2,PANTER RD,NA,5,Local Street - Township,1,Rural,7,Local,3,Town or Township Highway Agency,0,This section IS NOT on the NHS,0,No Special Jurisdiction,99998,Not Reported,44.34955556,44.34955556,-90.33626667,-90.33626667,1,Rollover/Overturn,0,The First Harmful Event was Not a Collision with a Motor Vehicle in Transport,0,No,1,Non-Junction,1,Not an Intersection,4,On Roadside,0,None,1,Daylight,1,Clear,0,No,0000000,Not Applicable,14,2:00pm-2:59pm,3,3,14,2:00pm-2:59pm,31,31,88,Not Applicable (Not Transported),88,Not Applicable (Not Transported),1
55,Wisconsin,550270,0,0,1,1,0,1,1,73,MARATHON (73),10,ABBOTSFORD,7,July,30,30,7,Saturday,2022,10,10:00am-10:59am,12,12,SR-29,NA,3,State Highway,1,Rural,3,Principal Arterial - Other,1,State Highway Agency,1,This section IS ON the NHS,0,No Special Jurisdiction,99998,Not Reported,44.93498889,44.93498889,-90.31428333,-90.31428333,1,Rollover/Overturn,0,The First Harmful Event was Not a Collision with a Motor Vehicle in Transport,1,Yes,5,Entrance/Exit Ramp Related,1,Not an Intersection,4,On Roadside,0,None,1,Daylight,1,Clear,0,No,0000000,Not Applicable,10,10:00am-10:59am,16,16,10,10:00am-10:59am,20,20,88,Not Applicable (Not Transported),88,Not Applicable (Not Transported),1
55,Wisconsin,550271,1,1,1,1,0,2,2,25,DANE (25),2780,MADISON,8,August,1,1,2,Monday,2022,14,2:00pm-2:59pm,18,18,PFLAUM RD,NA,6,Local Street - Municipality,2,Urban,4,Minor Arterial,4,City or Municipal Highway Agency,0,This section IS NOT on the NHS,0,No Special Jurisdiction,0,None,43.06236111,43.06236111,-89.29653889,-89.29653889,9,Pedalcyclist,0,The First Harmful Event was Not a Collision with a Motor Vehicle in Transport,0,No,1,Non-Junction,1,Not an Intersection,1,On Roadway,0,None,1,Daylight,1,Clear,0,No,0000000,Not Applicable,14,2:00pm-2:59pm,20,20,14,2:00pm-2:59pm,26,26,88,Not Applicable (Not Transported),88,Not Applicable (Not Transported),1
55,Wisconsin,550272,0,0,1,1,0,1,1,9,BROWN (9),0,NOT APPLICABLE,7,July,4,4,2,Monday,2022,5,5:00am-5:59am,0,0,TOWER RD,NA,5,Local Street - Township,1,Rural,7,Local,3,Town or Township Highway Agency,0,This section IS NOT on the NHS,0,No Special Jurisdiction,99998,Not Reported,44.37578333,44.37578333,-88.00913889,-88.00913889,11,Live Animal,0,The First Harmful Event was Not a Collision with a Motor Vehicle in Transport,0,No,1,Non-Junction,1,Not an Intersection,1,On Roadway,0,None,4,Dawn,1,Clear,0,No,0000000,Not Applicable,99,Unknown,99,Unknown,99,Unknown EMS Scene Arrival Hour,99,Unknown EMS Scene Arrival Minutes,99,Unknown,99,Unknown EMS Hospital Arrival Time,1
55,Wisconsin,550273,1,1,1,1,0,1,1,139,WINNEBAGO (139),0,NOT APPLICABLE,5,May,15,15,1,Sunday,2022,0,0:00am-0:59am,14,14,SR-76,NA,3,State Highway,1,Rural,4,Minor Arterial,1,State Highway Agency,0,This section IS NOT on the NHS,0,No Special Jurisdiction,99998,Not Reported,44.23020833,44.23020833,-88.54468333,-88.54468333,8,Pedestrian,0,The First Harmful Event was Not a Collision with a Motor Vehicle in Transport,0,No,1,Non-Junction,1,Not an Intersection,1,On Roadway,0,None,2,Dark - Not Lighted,1,Clear,0,No,0000000,Not Applicable,88,Not Applicable (Not Notified),88,Not Applicable (Not Notified),88,Not Applicable,88,Not Applicable,88,Not Applicable (Not Transported),88,Not Applicable (Not Transported),1
55,Wisconsin,550274,0,0,2,2,0,2,2,83,OCONTO (83),0,NOT APPLICABLE,8,August,3,3,4,Wednesday,2022,20,8:00pm-8:59pm,44,44,CR-I FIRESIDE RD,GUELIG RD,4,County Road,1,Rural,6,Minor Collector,2,County Highway Agency,0,This section IS NOT on the NHS,0,No Special Jurisdiction,0,None,44.92226944,44.92226944,-88.124825,-88.124825,12,Motor Vehicle In-Transport,1,Front-to-Rear,0,No,2,Intersection,2,Four-Way Intersection,1,On Roadway,0,None,5,Dusk,1,Clear,0,No,0000000,Not Applicable,20,8:00pm-8:59pm,48,48,20,8:00pm-8:59pm,54,54,99,Unknown,99,Unknown EMS Hospital Arrival Time,1
55,Wisconsin,550275,0,0,2,2,0,3,3,63,LA CROSSE (63),2490,LA CROSSE,8,August,3,3,4,Wednesday,2022,14,2:00pm-2:59pm,2,2,MONITOR ST,SR-35,6,Local Street - Municipality,2,Urban,4,Minor Arterial,4,City or Municipal Highway Agency,0,This section IS NOT on the NHS,0,No Special Jurisdiction,0,None,43.82983056,43.82983056,-91.23971944,-91.23971944,12,Motor Vehicle In-Transport,6,Angle,0,No,2,Intersection,3,T-Intersection,1,On Roadway,0,None,1,Daylight,1,Clear,0,No,0000000,Not Applicable,14,2:00pm-2:59pm,2,2,14,2:00pm-2:59pm,8,8,14,2:00pm-2:59pm,55,55,1
55,Wisconsin,550276,0,0,2,2,0,2,2,101,RACINE (101),3224,MOUNT PLEASANT,8,August,4,4,5,Thursday,2022,6,6:00am-6:59am,33,33,SR-11,NA,3,State Highway,2,Urban,3,Principal Arterial - Other,1,State Highway Agency,1,This section IS ON the NHS,0,No Special Jurisdiction,99998,Not Reported,42.69750278,42.69750278,-87.85664167,-87.85664167,12,Motor Vehicle In-Transport,6,Angle,0,No,8,Driveway Access Related,1,Not an Intersection,1,On Roadway,0,None,1,Daylight,10,Cloudy,0,No,0000000,Not Applicable,99,Unknown,99,Unknown,99,Unknown EMS Scene Arrival Hour,99,Unknown EMS Scene Arrival Minutes,99,Unknown,99,Unknown EMS Hospital Arrival Time,1
55,Wisconsin,550277,0,0,2,2,0,4,4,133,WAUKESHA (133),3352,NEW BERLIN,8,August,3,3,4,Wednesday,2022,9,9:00am-9:59am,51,51,GRANGE AVE W,NA,6,Local Street - Municipality,2,Urban,4,Minor Arterial,4,City or Municipal Highway Agency,0,This section IS NOT on the NHS,0,No Special Jurisdiction,0,None,42.94436389,42.94436389,-88.09945833,-88.09945833,12,Motor Vehicle In-Transport,1,Front-to-Rear,0,No,1,Non-Junction,1,Not an Intersection,1,On Roadway,0,None,1,Daylight,10,Cloudy,0,No,0000000,Not Applicable,9,9:00am-9:59am,52,52,9,9:00am-9:59am,59,59,10,10:00am-10:59am,29,29,1
55,Wisconsin,550278,1,1,1,1,0,2,2,81,MONROE (81),0,NOT APPLICABLE,8,August,1,1,2,Monday,2022,19,7:00pm-7:59pm,42,42,SR-71,NA,3,State Highway,1,Rural,5,Major Collector,1,State Highway Agency,0,This section IS NOT on the NHS,0,No Special Jurisdiction,99998,Not Reported,44.06506111,44.06506111,-90.89128611,-90.89128611,8,Pedestrian,0,The First Harmful Event was Not a Collision with a Motor Vehicle in Transport,0,No,1,Non-Junction,1,Not an Intersection,1,On Roadway,0,None,1,Daylight,1,Clear,0,No,0000000,Not Applicable,19,7:00pm-7:59pm,44,44,19,7:00pm-7:59pm,54,54,88,Not Applicable (Not Transported),88,Not Applicable (Not Transported),1
55,Wisconsin,550279,0,0,3,3,0,5,5,87,OUTAGAMIE (87),3390,NEW LONDON,8,August,5,5,6,Friday,2022,16,4:00pm-4:59pm,24,24,US-45,NA,2,US Highway,2,Urban,3,Principal Arterial - Other,1,State Highway Agency,1,This section IS ON the NHS,0,No Special Jurisdiction,99998,Not Reported,44.38883611,44.38883611,-88.72081111,-88.72081111,12,Motor Vehicle In-Transport,6,Angle,0,No,1,Non-Junction,1,Not an Intersection,1,On Roadway,0,None,1,Daylight,1,Clear,0,No,0000000,Not Applicable,16,4:00pm-4:59pm,30,30,16,4:00pm-4:59pm,30,30,99,Unknown,99,Unknown EMS Hospital Arrival Time,1
55,Wisconsin,550280,0,0,1,1,0,1,1,45,GREEN (45),0,NOT APPLICABLE,8,August,1,1,2,Monday,2022,13,1:00pm-1:59pm,6,6,SR-39,NA,3,State Highway,1,Rural,4,Minor Arterial,1,State Highway Agency,0,This section IS NOT on the NHS,0,No Special Jurisdiction,99998,Not Reported,42.84273333,42.84273333,-89.7891,-89.7891,34,Ditch,0,The First Harmful Event was Not a Collision with a Motor Vehicle in Transport,0,No,1,Non-Junction,1,Not an Intersection,4,On Roadside,0,None,1,Daylight,1,Clear,0,No,0000000,Not Applicable,13,1:00pm-1:59pm,22,22,99,Unknown EMS Scene Arrival Hour,99,Unknown EMS Scene Arrival Minutes,99,Unknown,99,Unknown EMS Hospital Arrival Time,1
55,Wisconsin,550281,0,0,2,2,0,2,2,123,VERNON (123),0,NOT APPLICABLE,8,August,3,3,4,Wednesday,2022,12,12:00pm-12:59pm,38,38,SR-27,NA,3,State Highway,1,Rural,3,Principal Arterial - Other,1,State Highway Agency,1,This section IS ON the NHS,0,No Special Jurisdiction,99998,Not Reported,43.665875,43.665875,-90.84557222,-90.84557222,12,Motor Vehicle In-Transport,1,Front-to-Rear,0,No,1,Non-Junction,1,Not an Intersection,1,On Roadway,0,None,1,Daylight,1,Clear,0,No,0000000,Not Applicable,99,Unknown,99,Unknown,99,Unknown EMS Scene Arrival Hour,99,Unknown EMS Scene Arrival Minutes,88,Not Applicable (Not Transported),88,Not Applicable (Not Transported),1
55,Wisconsin,550282,0,0,1,1,0,1,1,63,LA CROSSE (63),0,NOT APPLICABLE,8,August,8,8,2,Monday,2022,20,8:00pm-8:59pm,34,34,CR-Z,NA,4,County Road,2,Urban,5,Major Collector,2,County Highway Agency,0,This section IS NOT on the NHS,0,No Special Jurisdiction,0,None,43.93788611,43.93788611,-91.28900556,-91.28900556,34,Ditch,0,The First Harmful Event was Not a Collision with a Motor Vehicle in Transport,0,No,1,Non-Junction,1,Not an Intersection,4,On Roadside,0,None,5,Dusk,1,Clear,0,No,0000000,Not Applicable,20,8:00pm-8:59pm,34,34,99,Unknown EMS Scene Arrival Hour,99,Unknown EMS Scene Arrival Minutes,88,Not Applicable (Not Transported),88,Not Applicable (Not Transported),1
55,Wisconsin,550283,0,0,1,1,0,1,1,17,CHIPPEWA (17),0,NOT APPLICABLE,7,July,30,30,7,Saturday,2022,16,4:00pm-4:59pm,48,48,CR-X,NA,4,County Road,1,Rural,5,Major Collector,2,County Highway Agency,0,This section IS NOT on the NHS,0,No Special Jurisdiction,99998,Not Reported,44.92963889,44.92963889,-91.24002222,-91.24002222,91,Unknown Object Not Fixed,0,The First Harmful Event was Not a Collision with a Motor Vehicle in Transport,0,No,1,Non-Junction,1,Not an Intersection,4,On Roadside,0,None,1,Daylight,10,Cloudy,0,No,0000000,Not Applicable,16,4:00pm-4:59pm,48,48,16,4:00pm-4:59pm,57,57,88,Not Applicable (Not Transported),88,Not Applicable (Not Transported),1
55,Wisconsin,550284,0,0,1,1,0,1,1,125,VILAS (125),0,NOT APPLICABLE,8,August,7,7,1,Sunday,2022,20,8:00pm-8:59pm,25,25,CR-N,NA,4,County Road,1,Rural,5,Major Collector,2,County Highway Agency,0,This section IS NOT on the NHS,0,No Special Jurisdiction,0,None,45.98613333,45.98613333,-89.49725278,-89.49725278,42,Tree (Standing Only),0,The First Harmful Event was Not a Collision with a Motor Vehicle in Transport,0,No,1,Non-Junction,1,Not an Intersection,4,On Roadside,0,None,5,Dusk,1,Clear,0,No,0000000,Not Applicable,20,8:00pm-8:59pm,41,41,20,8:00pm-8:59pm,41,41,88,Not Applicable (Not Transported),88,Not Applicable (Not Transported),1
55,Wisconsin,550285,0,0,1,1,0,1,1,111,SAUK (111),0,NOT APPLICABLE,8,August,10,10,4,Wednesday,2022,16,4:00pm-4:59pm,30,30,STONE CHURCH RD,NA,5,Local Street - Township,1,Rural,7,Local,3,Town or Township Highway Agency,0,This section IS NOT on the NHS,0,No Special Jurisdiction,0,None,43.42530833,43.42530833,-89.97525556,-89.97525556,43,Other Fixed Object,0,The First Harmful Event was Not a Collision with a Motor Vehicle in Transport,0,No,1,Non-Junction,1,Not an Intersection,4,On Roadside,4,"Work Zone, Type Unknown",1,Daylight,1,Clear,0,No,0000000,Not Applicable,99,Unknown,99,Unknown,99,Unknown EMS Scene Arrival Hour,99,Unknown EMS Scene Arrival Minutes,99,Unknown,99,Unknown EMS Hospital Arrival Time,1
55,Wisconsin,550286,0,0,1,1,0,1,1,133,WAUKESHA (133),0,NOT APPLICABLE,8,August,9,9,3,Tuesday,2022,4,4:00am-4:59am,54,54,SR-67,NA,3,State Highway,2,Urban,3,Principal Arterial - Other,1,State Highway Agency,0,This section IS NOT on the NHS,0,No Special Jurisdiction,99998,Not Reported,43.00446667,43.00446667,-88.46296111,-88.46296111,42,Tree (Standing Only),0,The First Harmful Event was Not a Collision with a Motor Vehicle in Transport,0,No,1,Non-Junction,1,Not an Intersection,4,On Roadside,0,None,4,Dawn,5,"Fog, Smog, Smoke",0,No,0000000,Not Applicable,4,4:00am-4:59am,53,53,5,5:00am-5:59am,0,0,88,Not Applicable (Not Transported),88,Not Applicable (Not Transported),1
55,Wisconsin,550287,0,0,1,1,0,1,1,27,DODGE (27),0,NOT APPLICABLE,8,August,9,9,3,Tuesday,2022,17,5:00pm-5:59pm,18,18,SR-16,NA,3,State Highway,2,Urban,3,Principal Arterial - Other,1,State Highway Agency,1,This section IS ON the NHS,0,No Special Jurisdiction,99998,Not Reported,43.21965556,43.21965556,-88.75021667,-88.75021667,1,Rollover/Overturn,0,The First Harmful Event was Not a Collision with a Motor Vehicle in Transport,1,Yes,5,Entrance/Exit Ramp Related,1,Not an Intersection,8,Gore,0,None,1,Daylight,1,Clear,0,No,0000000,Not Applicable,17,5:00pm-5:59pm,19,19,17,5:00pm-5:59pm,29,29,88,Not Applicable (Not Transported),88,Not Applicable (Not Transported),1
55,Wisconsin,550288,0,0,1,1,0,1,1,19,CLARK (19),0,NOT APPLICABLE,7,July,27,27,4,Wednesday,2022,13,1:00pm-1:59pm,15,15,US-12,CR-B,2,US Highway,1,Rural,4,Minor Arterial,1,State Highway Agency,0,This section IS NOT on the NHS,0,No Special Jurisdiction,99998,Not Reported,44.53543056,44.53543056,-90.90245278,-90.90245278,31,"Post, Pole or Other Supports",0,The First Harmful Event was Not a Collision with a Motor Vehicle in Transport,0,No,3,Intersection-Related,2,Four-Way Intersection,4,On Roadside,0,None,1,Daylight,10,Cloudy,0,No,0000000,Not Applicable,99,Unknown,99,Unknown,99,Unknown EMS Scene Arrival Hour,99,Unknown EMS Scene Arrival Minutes,88,Not Applicable (Not Transported),88,Not Applicable (Not Transported),1
55,Wisconsin,550290,0,0,2,2,0,5,5,39,FOND DU LAC (39),0,NOT APPLICABLE,7,July,26,26,3,Tuesday,2022,16,4:00pm-4:59pm,14,14,CR-RP,CR-N,4,County Road,1,Rural,5,Major Collector,2,County Highway Agency,0,This section IS NOT on the NHS,0,No Special Jurisdiction,99998,Not Reported,43.84990556,43.84990556,-88.50423611,-88.50423611,12,Motor Vehicle In-Transport,6,Angle,0,No,2,Intersection,2,Four-Way Intersection,1,On Roadway,0,None,1,Daylight,1,Clear,0,No,0000000,Not Applicable,16,4:00pm-4:59pm,14,14,16,4:00pm-4:59pm,23,23,99,Unknown,99,Unknown EMS Hospital Arrival Time,1
55,Wisconsin,550291,0,0,2,1,1,1,1,9,BROWN (9),1330,DE PERE,6,June,18,18,7,Saturday,2022,17,5:00pm-5:59pm,31,31,RIDGEWAY DR,NA,6,Local Street - Municipality,2,Urban,5,Major Collector,4,City or Municipal Highway Agency,0,This section IS NOT on the NHS,0,No Special Jurisdiction,99998,Not Reported,44.44625278,44.44625278,-88.02881389,-88.02881389,33,Curb,0,The First Harmful Event was Not a Collision with a Motor Vehicle in Transport,0,No,1,Non-Junction,1,Not an Intersection,4,On Roadside,0,None,1,Daylight,1,Clear,0,No,0000000,Not Applicable,17,5:00pm-5:59pm,32,32,17,5:00pm-5:59pm,43,43,88,Not Applicable (Not Transported),88,Not Applicable (Not Transported),1
55,Wisconsin,550292,1,1,1,1,0,1,1,127,WALWORTH (127),2520,LAKE GENEVA,7,July,19,19,3,Tuesday,2022,7,7:00am-7:59am,29,29,CR-H,NA,4,County Road,2,Urban,3,Principal Arterial - Other,2,County Highway Agency,1,This section IS ON the NHS,0,No Special Jurisdiction,99998,Not Reported,42.60368889,42.60368889,-88.43556389,-88.43556389,8,Pedestrian,0,The First Harmful Event was Not a Collision with a Motor Vehicle in Transport,0,No,1,Non-Junction,1,Not an Intersection,1,On Roadway,0,None,1,Daylight,1,Clear,0,No,0000000,Not Applicable,99,Unknown,99,Unknown,99,Unknown EMS Scene Arrival Hour,99,Unknown EMS Scene Arrival Minutes,88,Not Applicable (Not Transported),88,Not Applicable (Not Transported),1
55,Wisconsin,550293,0,0,1,1,0,3,3,15,CALUMET (15),0,NOT APPLICABLE,7,July,25,25,2,Monday,2022,99,Unknown Hours,99,Unknown Minutes,CR-A,NA,4,County Road,1,Rural,5,Major Collector,2,County Highway Agency,0,This section IS NOT on the NHS,0,No Special Jurisdiction,99998,Not Reported,43.92428056,43.92428056,-88.12251667,-88.12251667,1,Rollover/Overturn,0,The First Harmful Event was Not a Collision with a Motor Vehicle in Transport,0,No,1,Non-Junction,1,Not an Intersection,4,On Roadside,0,None,2,Dark - Not Lighted,1,Clear,0,No,0000000,Not Applicable,2,2:00am-2:59am,40,40,2,2:00am-2:59am,40,40,99,Unknown,99,Unknown EMS Hospital Arrival Time,1
55,Wisconsin,550294,0,0,2,2,0,2,2,89,OZAUKEE (89),0,NOT APPLICABLE,8,August,17,17,4,Wednesday,2022,1,1:00am-1:59am,48,48,I-43,NA,1,Interstate,2,Urban,1,Interstate,1,State Highway Agency,1,This section IS ON the NHS,0,No Special Jurisdiction,99998,Not Reported,43.29542222,43.29542222,-87.920727780000007,-87.920727780000007,12,Motor Vehicle In-Transport,1,Front-to-Rear,0,No,1,Non-Junction,1,Not an Intersection,1,On Roadway,4,"Work Zone, Type Unknown",2,Dark - Not Lighted,1,Clear,0,No,0000000,Not Applicable,2,2:00am-2:59am,0,0,2,2:00am-2:59am,15,15,2,2:00am-2:59am,39,39,1
55,Wisconsin,550295,1,1,1,1,0,1,1,35,EAU CLAIRE (35),1470,EAU CLAIRE,8,August,23,23,3,Tuesday,2022,7,7:00am-7:59am,49,49,FAIRFAX ST,DAMON ST,6,Local Street - Municipality,2,Urban,5,Major Collector,4,City or Municipal Highway Agency,0,This section IS NOT on the NHS,0,No Special Jurisdiction,0,None,44.77476944,44.77476944,-91.46821667,-91.46821667,8,Pedestrian,0,The First Harmful Event was Not a Collision with a Motor Vehicle in Transport,1,Yes,3,Intersection-Related,3,T-Intersection,1,On Roadway,0,None,1,Daylight,1,Clear,0,No,0000000,Not Applicable,7,7:00am-7:59am,50,50,7,7:00am-7:59am,56,56,8,8:00am-8:59am,11,11,1
55,Wisconsin,550296,0,0,1,1,0,1,1,71,MANITOWOC (71),0,NOT APPLICABLE,8,August,6,6,7,Saturday,2022,11,11:00am-11:59am,53,53,I-43,NA,1,Interstate,1,Rural,1,Interstate,1,State Highway Agency,1,This section IS ON the NHS,0,No Special Jurisdiction,99998,Not Reported,44.30201667,44.30201667,-87.78291944,-87.78291944,34,Ditch,0,The First Harmful Event was Not a Collision with a Motor Vehicle in Transport,0,No,1,Non-Junction,1,Not an Intersection,3,On Median,4,"Work Zone, Type Unknown",1,Daylight,10,Cloudy,0,No,0000000,Not Applicable,11,11:00am-11:59am,57,57,12,12:00pm-12:59pm,13,13,99,Unknown,99,Unknown EMS Hospital Arrival Time,1
55,Wisconsin,550297,0,0,3,3,0,8,8,127,WALWORTH (127),0,NOT APPLICABLE,8,August,14,14,1,Sunday,2022,17,5:00pm-5:59pm,5,5,SR-11,NA,3,State Highway,1,Rural,4,Minor Arterial,1,State Highway Agency,0,This section IS NOT on the NHS,0,No Special Jurisdiction,99998,Not Reported,42.64411944,42.64411944,-88.722125,-88.722125,12,Motor Vehicle In-Transport,7,Sideswipe - Same Direction,0,No,1,Non-Junction,1,Not an Intersection,1,On Roadway,0,None,1,Daylight,10,Cloudy,0,No,0000000,Not Applicable,17,5:00pm-5:59pm,7,7,17,5:00pm-5:59pm,14,14,99,Unknown,99,Unknown EMS Hospital Arrival Time,1
55,Wisconsin,550298,0,0,2,2,0,2,2,93,PIERCE (93),0,NOT APPLICABLE,8,August,16,16,3,Tuesday,2022,12,12:00pm-12:59pm,40,40,US-63,CR-VV,2,US Highway,1,Rural,3,Principal Arterial - Other,1,State Highway Agency,1,This section IS ON the NHS,0,No Special Jurisdiction,99998,Not Reported,44.59450833,44.59450833,-92.53798889,-92.53798889,12,Motor Vehicle In-Transport,6,Angle,0,No,2,Intersection,2,Four-Way Intersection,1,On Roadway,0,None,1,Daylight,1,Clear,0,No,0000000,Not Applicable,12,12:00pm-12:59pm,46,46,12,12:00pm-12:59pm,50,50,88,Not Applicable (Not Transported),88,Not Applicable (Not Transported),1
55,Wisconsin,550299,0,0,1,1,0,1,1,79,MILWAUKEE (79),3475,SOUTH MILWAUKEE,8,August,14,14,1,Sunday,2022,17,5:00pm-5:59pm,58,58,CR-ZZ,ACE INDUSTRIAL RD,4,County Road,2,Urban,3,Principal Arterial - Other,2,County Highway Agency,1,This section IS ON the NHS,0,No Special Jurisdiction,0,None,42.93004444,42.93004444,-87.88366389,-87.88366389,33,Curb,0,The First Harmful Event was Not a Collision with a Motor Vehicle in Transport,1,Yes,3,Intersection-Related,6,Roundabout,4,On Roadside,0,None,1,Daylight,10,Cloudy,0,No,0000000,Not Applicable,17,5:00pm-5:59pm,58,58,18,6:00pm-6:59pm,3,3,88,Not Applicable (Not Transported),88,Not Applicable (Not Transported),1
55,Wisconsin,550300,0,0,2,2,0,2,2,79,MILWAUKEE (79),3100,MILWAUKEE,8,August,16,16,3,Tuesday,2022,1,1:00am-1:59am,12,12,N 32ND ST,NA,6,Local Street - Municipality,2,Urban,4,Minor Arterial,4,City or Municipal Highway Agency,0,This section IS NOT on the NHS,0,No Special Jurisdiction,0,None,43.10174167,43.10174167,-87.95298611,-87.95298611,30,Utility Pole/Light Support,0,The First Harmful Event was Not a Collision with a Motor Vehicle in Transport,0,No,1,Non-Junction,1,Not an Intersection,4,On Roadside,0,None,3,Dark - Lighted,1,Clear,0,No,0000000,Not Applicable,99,Unknown,99,Unknown,99,Unknown EMS Scene Arrival Hour,99,Unknown EMS Scene Arrival Minutes,88,Not Applicable (Not Transported),88,Not Applicable (Not Transported),1
55,Wisconsin,550301,1,1,1,1,0,1,1,79,MILWAUKEE (79),3100,MILWAUKEE,8,August,11,11,5,Thursday,2022,3,3:00am-3:59am,34,34,N 64TH ST,W THURSTON AVE,6,Local Street - Municipality,2,Urban,5,Major Collector,4,City or Municipal Highway Agency,0,This section IS NOT on the NHS,0,No Special Jurisdiction,0,None,43.12118056,43.12118056,-87.99091944,-87.99091944,8,Pedestrian,0,The First Harmful Event was Not a Collision with a Motor Vehicle in Transport,0,No,3,Intersection-Related,2,Four-Way Intersection,1,On Roadway,0,None,3,Dark - Lighted,10,Cloudy,0,No,0000000,Not Applicable,99,Unknown,99,Unknown,99,Unknown EMS Scene Arrival Hour,99,Unknown EMS Scene Arrival Minutes,99,Unknown,99,Unknown EMS Hospital Arrival Time,1
55,Wisconsin,550302,0,0,2,2,0,2,2,95,POLK (95),0,NOT APPLICABLE,8,August,8,8,2,Monday,2022,14,2:00pm-2:59pm,25,25,SR-87,RIVER RD,3,State Highway,1,Rural,4,Minor Arterial,1,State Highway Agency,0,This section IS NOT on the NHS,0,No Special Jurisdiction,99998,Not Reported,45.44418333,45.44418333,-92.64223889,-92.64223889,12,Motor Vehicle In-Transport,1,Front-to-Rear,0,No,3,Intersection-Related,3,T-Intersection,1,On Roadway,0,None,1,Daylight,1,Clear,0,No,0000000,Not Applicable,14,2:00pm-2:59pm,26,26,14,2:00pm-2:59pm,35,35,15,3:00pm-3:59pm,51,51,1