STATE,STATENAME,ST_CASE,PEDS,PERNOTMVIT,VE_TOTAL,VE_FORMS,PVH_INVL,PERSONS,PERMVIT,COUNTY,COUNTYNAME,CITY,CITYNAME,MONTH,MONTHNAME,DAY,DAYNAME,DAY_WEEK,DAY_WEEKNAME,YEAR,HOUR,HOURNAME,MINUTE,MINUTENAME,TWAY_ID,TWAY_ID2,ROUTE,ROUTENAME,RUR_URB,RUR_URBNAME,FUNC_SYS,FUNC_SYSNAME,RD_OWNER,RD_OWNERNAME,NHS,NHSNAME,SP_JUR,SP_JURNAME,MILEPT,MILEPTNAME,LATITUDE,LATITUDENAME,LONGITUD,LONGITUDNAME,HARM_EV,HARM_EVNAME,MAN_COLL,MAN_COLLNAME,RELJCT1,RELJCT1NAME,RELJCT2,RELJCT2NAME,TYP_INT,TYP_INTNAME,REL_ROAD,REL_ROADNAME,WRK_ZONE,WRK_ZONENAME,LGT_COND,LGT_CONDNAME,WEATHER,WEATHERNAME,SCH_BUS,SCH_BUSNAME,RAIL,RAILNAME,NOT_HOUR,NOT_HOURNAME,NOT_MIN,NOT_MINNAME,ARR_HOUR,ARR_HOURNAME,ARR_MIN,ARR_MINNAME,HOSP_HR,HOSP_HRNAME,HOSP_MN,HOSP_MNNAME,FATALS
55,Wisconsin,550303,0,0,1,1,0,1,1,49,IOWA (49),0,NOT APPLICABLE,8,August,18,18,5,Thursday,2022,99,Unknown Hours,99,Unknown Minutes,CR-K,NA,4,County Road,1,Rural,5,Major Collector,2,County Highway Agency,0,This section IS NOT on the NHS,0,No Special Jurisdiction,0,None,43.14550556,43.14550556,-89.84431944,-89.84431944,35,Embankment,0,The First Harmful Event was Not a Collision with a Motor Vehicle in Transport,0,No,1,Non-Junction,1,Not an Intersection,4,On Roadside,0,None,1,Daylight,1,Clear,0,No,0000000,Not Applicable,15,3:00pm-3:59pm,24,24,15,3:00pm-3:59pm,32,32,88,Not Applicable (Not Transported),88,Not Applicable (Not Transported),1
55,Wisconsin,550304,0,0,1,1,0,1,1,139,WINNEBAGO (139),0,NOT APPLICABLE,8,August,4,4,5,Thursday,2022,9,9:00am-9:59am,15,15,US-45 RAMP,NA,2,US Highway,1,Rural,3,Principal Arterial - Other,1,State Highway Agency,1,This section IS ON the NHS,0,No Special Jurisdiction,99998,Not Reported,44.23209722,44.23209722,-88.73662222,-88.73662222,1,Rollover/Overturn,0,The First Harmful Event was Not a Collision with a Motor Vehicle in Transport,1,Yes,5,Entrance/Exit Ramp Related,1,Not an Intersection,2,On Shoulder,0,None,1,Daylight,1,Clear,0,No,0000000,Not Applicable,99,Unknown,99,Unknown,99,Unknown EMS Scene Arrival Hour,99,Unknown EMS Scene Arrival Minutes,88,Not Applicable (Not Transported),88,Not Applicable (Not Transported),1
55,Wisconsin,550305,0,0,3,3,0,3,3,79,MILWAUKEE (79),3100,MILWAUKEE,7,July,28,28,5,Thursday,2022,17,5:00pm-5:59pm,24,24,N 35TH ST,W WISCONSIN AVE,6,Local Street - Municipality,2,Urban,4,Minor Arterial,4,City or Municipal Highway Agency,0,This section IS NOT on the NHS,0,No Special Jurisdiction,99998,Not Reported,43.03861389,43.03861389,-87.95771944,-87.95771944,12,Motor Vehicle In-Transport,6,Angle,0,No,2,Intersection,2,Four-Way Intersection,1,On Roadway,0,None,1,Daylight,1,Clear,0,No,0000000,Not Applicable,99,Unknown,99,Unknown,99,Unknown EMS Scene Arrival Hour,99,Unknown EMS Scene Arrival Minutes,99,Unknown,99,Unknown EMS Hospital Arrival Time,1
55,Wisconsin,550306,0,0,1,1,0,1,1,39,FOND DU LAC (39),0,NOT APPLICABLE,8,August,21,21,1,Sunday,2022,2,2:00am-2:59am,28,28,CR-W,CR-WH,4,County Road,1,Rural,5,Major Collector,2,County Highway Agency,0,This section IS NOT on the NHS,0,No Special Jurisdiction,0,None,43.83347778,43.83347778,-88.27577222,-88.27577222,59,Traffic Sign Support,0,The First Harmful Event was Not a Collision with a Motor Vehicle in Transport,0,No,3,Intersection-Related,4,Y-Intersection,4,On Roadside,0,None,2,Dark - Not Lighted,5,"Fog, Smog, Smoke",0,No,0000000,Not Applicable,2,2:00am-2:59am,37,37,2,2:00am-2:59am,45,45,88,Not Applicable (Not Transported),88,Not Applicable (Not Transported),1
55,Wisconsin,550307,0,0,1,1,0,1,1,137,WAUSHARA (137),0,NOT APPLICABLE,8,August,21,21,1,Sunday,2022,3,3:00am-3:59am,29,29,5TH AVE,NA,5,Local Street - Township,1,Rural,5,Major Collector,3,Town or Township Highway Agency,0,This section IS NOT on the NHS,0,No Special Jurisdiction,0,None,44.21215556,44.21215556,-89.52214722,-89.52214722,34,Ditch,0,The First Harmful Event was Not a Collision with a Motor Vehicle in Transport,0,No,1,Non-Junction,1,Not an Intersection,4,On Roadside,0,None,2,Dark - Not Lighted,5,"Fog, Smog, Smoke",0,No,0000000,Not Applicable,3,3:00am-3:59am,30,30,3,3:00am-3:59am,40,40,88,Not Applicable (Not Transported),88,Not Applicable (Not Transported),1
55,Wisconsin,550308,0,0,2,2,0,3,3,101,RACINE (101),4170,ROCHESTER,8,August,16,16,3,Tuesday,2022,15,3:00pm-3:59pm,48,48,CR-A PLANK RD,CR-J ENGLISH SETTLEMENT AVE,4,County Road,1,Rural,5,Major Collector,2,County Highway Agency,0,This section IS NOT on the NHS,0,No Special Jurisdiction,0,None,42.71552778,42.71552778,-88.19336667,-88.19336667,12,Motor Vehicle In-Transport,6,Angle,0,No,2,Intersection,2,Four-Way Intersection,1,On Roadway,0,None,1,Daylight,1,Clear,0,No,0000000,Not Applicable,99,Unknown,99,Unknown,99,Unknown EMS Scene Arrival Hour,99,Unknown EMS Scene Arrival Minutes,88,Not Applicable (Not Transported),88,Not Applicable (Not Transported),1
55,Wisconsin,550309,0,0,1,1,0,1,1,89,OZAUKEE (89),1950,GRAFTON,8,August,23,23,3,Tuesday,2022,18,6:00pm-6:59pm,0,0,I-43,NA,1,Interstate,2,Urban,1,Interstate,1,State Highway Agency,1,This section IS ON the NHS,0,No Special Jurisdiction,99998,Not Reported,43.31810833,43.31810833,-87.91955278,-87.91955278,20,Impact Attenuator/Crash Cushion,0,The First Harmful Event was Not a Collision with a Motor Vehicle in Transport,1,Yes,5,Entrance/Exit Ramp Related,1,Not an Intersection,8,Gore,4,"Work Zone, Type Unknown",1,Daylight,10,Cloudy,0,No,0000000,Not Applicable,18,6:00pm-6:59pm,12,12,18,6:00pm-6:59pm,15,15,88,Not Applicable (Not Transported),88,Not Applicable (Not Transported),1
55,Wisconsin,550310,0,0,3,3,0,3,3,1,ADAMS (1),0,NOT APPLICABLE,8,August,22,22,2,Monday,2022,15,3:00pm-3:59pm,24,24,SR-21,CR-Z,3,State Highway,1,Rural,3,Principal Arterial - Other,1,State Highway Agency,1,This section IS ON the NHS,0,No Special Jurisdiction,99998,Not Reported,44.0393,44.0393,-89.93783056,-89.93783056,12,Motor Vehicle In-Transport,6,Angle,0,No,2,Intersection,2,Four-Way Intersection,1,On Roadway,0,None,1,Daylight,10,Cloudy,0,No,0000000,Not Applicable,15,3:00pm-3:59pm,27,27,15,3:00pm-3:59pm,42,42,88,Not Applicable (Not Transported),88,Not Applicable (Not Transported),3
55,Wisconsin,550311,0,0,1,1,0,1,1,81,MONROE (81),4530,SPARTA,8,August,25,25,5,Thursday,2022,21,9:00pm-9:59pm,32,32,CR-BC,FAIRWAY RD,4,County Road,1,Rural,6,Minor Collector,2,County Highway Agency,0,This section IS NOT on the NHS,0,No Special Jurisdiction,99998,Not Reported,43.97488889,43.97488889,-90.89515278,-90.89515278,42,Tree (Standing Only),0,The First Harmful Event was Not a Collision with a Motor Vehicle in Transport,0,No,3,Intersection-Related,3,T-Intersection,4,On Roadside,0,None,2,Dark - Not Lighted,1,Clear,0,No,0000000,Not Applicable,22,10:00pm-10:59pm,53,53,23,11:00pm-11:59pm,1,1,88,Not Applicable (Not Transported),88,Not Applicable (Not Transported),1
55,Wisconsin,550312,0,0,3,3,0,3,3,115,SHAWANO (115),0,NOT APPLICABLE,8,August,23,23,3,Tuesday,2022,12,12:00pm-12:59pm,19,19,SR-29,CLARK DR,3,State Highway,1,Rural,3,Principal Arterial - Other,1,State Highway Agency,1,This section IS ON the NHS,0,No Special Jurisdiction,99998,Not Reported,44.78608333,44.78608333,-88.66445833,-88.66445833,12,Motor Vehicle In-Transport,6,Angle,0,No,2,Intersection,7,"Five Point, or More",1,On Roadway,0,None,1,Daylight,1,Clear,0,No,0000000,Not Applicable,12,12:00pm-12:59pm,22,22,12,12:00pm-12:59pm,25,25,99,Unknown,99,Unknown EMS Hospital Arrival Time,1
55,Wisconsin,550313,0,0,1,1,0,5,5,79,MILWAUKEE (79),3100,MILWAUKEE,8,August,21,21,1,Sunday,2022,2,2:00am-2:59am,33,33,S 35TH ST,NA,6,Local Street - Municipality,2,Urban,4,Minor Arterial,4,City or Municipal Highway Agency,0,This section IS NOT on the NHS,0,No Special Jurisdiction,0,None,43.02961667,43.02961667,-87.95772778,-87.95772778,5,Fell/Jumped from Vehicle,0,The First Harmful Event was Not a Collision with a Motor Vehicle in Transport,0,No,1,Non-Junction,1,Not an Intersection,1,On Roadway,0,None,3,Dark - Lighted,5,"Fog, Smog, Smoke",0,No,0000000,Not Applicable,99,Unknown,99,Unknown,99,Unknown EMS Scene Arrival Hour,99,Unknown EMS Scene Arrival Minutes,88,Not Applicable (Not Transported),88,Not Applicable (Not Transported),1
55,Wisconsin,550314,0,0,1,1,0,1,1,133,WAUKESHA (133),3740,PEWAUKEE,8,August,30,30,3,Tuesday,2022,0,0:00am-0:59am,53,53,SR-16,NA,3,State Highway,2,Urban,2,Principal Arterial - Other Freeways and Expressways,1,State Highway Agency,1,This section IS ON the NHS,0,No Special Jurisdiction,99998,Not Reported,43.09088333,43.09088333,-88.25592778,-88.25592778,59,Traffic Sign Support,0,The First Harmful Event was Not a Collision with a Motor Vehicle in Transport,0,No,1,Non-Junction,1,Not an Intersection,3,On Median,0,None,2,Dark - Not Lighted,1,Clear,0,No,0000000,Not Applicable,99,Unknown,99,Unknown,99,Unknown EMS Scene Arrival Hour,99,Unknown EMS Scene Arrival Minutes,88,Not Applicable (Not Transported),88,Not Applicable (Not Transported),1
55,Wisconsin,550315,0,0,1,1,0,3,3,9,BROWN (9),2000,GREEN BAY,8,August,7,7,1,Sunday,2022,7,7:00am-7:59am,15,15,I-43,NA,1,Interstate,2,Urban,1,Interstate,1,State Highway Agency,1,This section IS ON the NHS,0,No Special Jurisdiction,99998,Not Reported,44.50251667,44.50251667,-87.93699167,-87.93699167,52,Guardrail End,0,The First Harmful Event was Not a Collision with a Motor Vehicle in Transport,0,No,1,Non-Junction,1,Not an Intersection,4,On Roadside,0,None,1,Daylight,2,Rain,0,No,0000000,Not Applicable,99,Unknown,99,Unknown,99,Unknown EMS Scene Arrival Hour,99,Unknown EMS Scene Arrival Minutes,99,Unknown,99,Unknown EMS Hospital Arrival Time,2
55,Wisconsin,550316,0,0,3,3,0,3,3,59,KENOSHA (59),0,NOT APPLICABLE,8,August,30,30,3,Tuesday,2022,18,6:00pm-6:59pm,45,45,CR-H,CR-S,4,County Road,2,Urban,4,Minor Arterial,2,County Highway Agency,0,This section IS NOT on the NHS,0,No Special Jurisdiction,99998,Not Reported,42.60382778,42.60382778,-87.91509444,-87.91509444,12,Motor Vehicle In-Transport,6,Angle,0,No,2,Intersection,2,Four-Way Intersection,1,On Roadway,0,None,1,Daylight,1,Clear,0,No,0000000,Not Applicable,18,6:00pm-6:59pm,47,47,18,6:00pm-6:59pm,51,51,19,7:00pm-7:59pm,35,35,1
55,Wisconsin,550317,0,0,1,1,0,1,1,59,KENOSHA (59),0,NOT APPLICABLE,8,August,31,31,4,Wednesday,2022,12,12:00pm-12:59pm,38,38,CR-K,NA,4,County Road,1,Rural,5,Major Collector,2,County Highway Agency,0,This section IS NOT on the NHS,0,No Special Jurisdiction,99998,Not Reported,42.58269722,42.58269722,-88.00182222,-88.00182222,32,Culvert,0,The First Harmful Event was Not a Collision with a Motor Vehicle in Transport,0,No,1,Non-Junction,1,Not an Intersection,4,On Roadside,0,None,1,Daylight,1,Clear,0,No,0000000,Not Applicable,12,12:00pm-12:59pm,39,39,12,12:00pm-12:59pm,49,49,88,Not Applicable (Not Transported),88,Not Applicable (Not Transported),1
55,Wisconsin,550318,0,0,1,1,0,1,1,25,DANE (25),2780,MADISON,8,August,30,30,3,Tuesday,2022,13,1:00pm-1:59pm,30,30,I-39,NA,1,Interstate,2,Urban,1,Interstate,1,State Highway Agency,1,This section IS ON the NHS,0,No Special Jurisdiction,99998,Not Reported,43.05028056,43.05028056,-89.278525,-89.278525,5,Fell/Jumped from Vehicle,0,The First Harmful Event was Not a Collision with a Motor Vehicle in Transport,1,Yes,5,Entrance/Exit Ramp Related,1,Not an Intersection,1,On Roadway,0,None,1,Daylight,1,Clear,0,No,0000000,Not Applicable,13,1:00pm-1:59pm,45,45,13,1:00pm-1:59pm,49,49,88,Not Applicable (Not Transported),88,Not Applicable (Not Transported),1
55,Wisconsin,550319,0,0,1,1,0,2,2,133,WAUKESHA (133),3040,MERTON,9,September,1,1,5,Thursday,2022,0,0:00am-0:59am,12,12,HUNTINGTON ST,NA,6,Local Street - Municipality,2,Urban,7,Local,4,City or Municipal Highway Agency,0,This section IS NOT on the NHS,0,No Special Jurisdiction,0,None,43.14618611,43.14618611,-88.31271111,-88.31271111,1,Rollover/Overturn,0,The First Harmful Event was Not a Collision with a Motor Vehicle in Transport,0,No,1,Non-Junction,1,Not an Intersection,1,On Roadway,0,None,2,Dark - Not Lighted,1,Clear,0,No,0000000,Not Applicable,0,0:00am-0:59am,13,13,0,0:00am-0:59am,19,19,99,Unknown,99,Unknown EMS Hospital Arrival Time,1
55,Wisconsin,550320,0,0,2,1,1,1,1,71,MANITOWOC (71),0,NOT APPLICABLE,8,August,31,31,4,Wednesday,2022,20,8:00pm-8:59pm,10,10,I-43,NA,1,Interstate,1,Rural,1,Interstate,1,State Highway Agency,1,This section IS ON the NHS,0,No Special Jurisdiction,99998,Not Reported,43.92254167,43.92254167,-87.76530833,-87.76530833,14,Parked Motor Vehicle,0,The First Harmful Event was Not a Collision with a Motor Vehicle in Transport,0,No,1,Non-Junction,1,Not an Intersection,4,On Roadside,0,None,2,Dark - Not Lighted,1,Clear,0,No,0000000,Not Applicable,20,8:00pm-8:59pm,10,10,20,8:00pm-8:59pm,17,17,88,Not Applicable (Not Transported),88,Not Applicable (Not Transported),1
55,Wisconsin,550321,0,0,2,1,1,1,1,79,MILWAUKEE (79),3100,MILWAUKEE,8,August,25,25,5,Thursday,2022,23,11:00pm-11:59pm,50,50,SR-38,NA,3,State Highway,2,Urban,4,Minor Arterial,1,State Highway Agency,0,This section IS NOT on the NHS,0,No Special Jurisdiction,99998,Not Reported,43.01451389,43.01451389,-87.918458330000007,-87.918458330000007,14,Parked Motor Vehicle,0,The First Harmful Event was Not a Collision with a Motor Vehicle in Transport,0,No,1,Non-Junction,1,Not an Intersection,4,On Roadside,0,None,3,Dark - Lighted,10,Cloudy,0,No,0000000,Not Applicable,99,Unknown,99,Unknown,99,Unknown EMS Scene Arrival Hour,99,Unknown EMS Scene Arrival Minutes,99,Unknown,99,Unknown EMS Hospital Arrival Time,1
55,Wisconsin,550322,0,0,1,1,0,1,1,79,MILWAUKEE (79),3100,MILWAUKEE,8,August,21,21,1,Sunday,2022,11,11:00am-11:59am,40,40,N SHERMAN BLVD,NA,6,Local Street - Municipality,2,Urban,3,Principal Arterial - Other,4,City or Municipal Highway Agency,1,This section IS ON the NHS,0,No Special Jurisdiction,0,None,43.11639444,43.11639444,-87.96682222,-87.96682222,42,Tree (Standing Only),0,The First Harmful Event was Not a Collision with a Motor Vehicle in Transport,0,No,1,Non-Junction,1,Not an Intersection,4,On Roadside,0,None,1,Daylight,1,Clear,0,No,0000000,Not Applicable,99,Unknown,99,Unknown,99,Unknown EMS Scene Arrival Hour,99,Unknown EMS Scene Arrival Minutes,88,Not Applicable (Not Transported),88,Not Applicable (Not Transported),1
55,Wisconsin,550323,0,0,3,3,0,5,5,11,BUFFALO (11),0,NOT APPLICABLE,8,August,10,10,4,Wednesday,2022,17,5:00pm-5:59pm,0,0,SR-35,HENRY LN,3,State Highway,1,Rural,4,Minor Arterial,1,State Highway Agency,0,This section IS NOT on the NHS,0,No Special Jurisdiction,99998,Not Reported,44.18231389,44.18231389,-91.76950278,-91.76950278,12,Motor Vehicle In-Transport,1,Front-to-Rear,1,Yes,3,Intersection-Related,3,T-Intersection,1,On Roadway,0,None,1,Daylight,1,Clear,0,No,0000000,Not Applicable,99,Unknown,99,Unknown,99,Unknown EMS Scene Arrival Hour,99,Unknown EMS Scene Arrival Minutes,99,Unknown,99,Unknown EMS Hospital Arrival Time,1
55,Wisconsin,550324,0,0,2,2,0,3,3,139,WINNEBAGO (139),3620,OSHKOSH,8,August,31,31,4,Wednesday,2022,15,3:00pm-3:59pm,1,1,WITZEL AVE,N KOELLER ST,6,Local Street - Municipality,2,Urban,4,Minor Arterial,4,City or Municipal Highway Agency,0,This section IS NOT on the NHS,0,No Special Jurisdiction,99998,Not Reported,44.01834167,44.01834167,-88.58106944,-88.58106944,12,Motor Vehicle In-Transport,6,Angle,0,No,2,Intersection,6,Roundabout,1,On Roadway,0,None,1,Daylight,1,Clear,0,No,0000000,Not Applicable,15,3:00pm-3:59pm,2,2,15,3:00pm-3:59pm,5,5,15,3:00pm-3:59pm,41,41,1
55,Wisconsin,550325,0,0,1,1,0,1,1,95,POLK (95),0,NOT APPLICABLE,8,August,26,26,6,Friday,2022,20,8:00pm-8:59pm,40,40,SR-65,NA,3,State Highway,1,Rural,4,Minor Arterial,1,State Highway Agency,0,This section IS NOT on the NHS,0,No Special Jurisdiction,99998,Not Reported,45.38881111,45.38881111,-92.48946389,-92.48946389,11,Live Animal,0,The First Harmful Event was Not a Collision with a Motor Vehicle in Transport,0,No,1,Non-Junction,1,Not an Intersection,1,On Roadway,0,None,2,Dark - Not Lighted,1,Clear,0,No,0000000,Not Applicable,99,Unknown,99,Unknown,99,Unknown EMS Scene Arrival Hour,99,Unknown EMS Scene Arrival Minutes,99,Unknown,99,Unknown EMS Hospital Arrival Time,1
55,Wisconsin,550326,0,0,2,2,0,2,2,79,MILWAUKEE (79),2015,GREENFIELD,8,August,18,18,5,Thursday,2022,15,3:00pm-3:59pm,52,52,I-41,NA,1,Interstate,2,Urban,1,Interstate,1,State Highway Agency,1,This section IS ON the NHS,0,No Special Jurisdiction,99998,Not Reported,42.96271389,42.96271389,-87.95110556,-87.95110556,12,Motor Vehicle In-Transport,1,Front-to-Rear,0,No,1,Non-Junction,1,Not an Intersection,1,On Roadway,0,None,1,Daylight,1,Clear,0,No,0000000,Not Applicable,15,3:00pm-3:59pm,56,56,16,4:00pm-4:59pm,2,2,88,Not Applicable (Not Transported),88,Not Applicable (Not Transported),1
55,Wisconsin,550327,0,0,1,1,0,1,1,7,BAYFIELD (7),0,NOT APPLICABLE,8,August,30,30,3,Tuesday,2022,99,Unknown Hours,99,Unknown Minutes,CR-C,NA,4,County Road,1,Rural,5,Major Collector,2,County Highway Agency,0,This section IS NOT on the NHS,0,No Special Jurisdiction,99998,Not Reported,46.85198056,46.85198056,-91.09282778,-91.09282778,42,Tree (Standing Only),0,The First Harmful Event was Not a Collision with a Motor Vehicle in Transport,0,No,1,Non-Junction,1,Not an Intersection,4,On Roadside,0,None,2,Dark - Not Lighted,1,Clear,0,No,0000000,Not Applicable,2,2:00am-2:59am,45,45,3,3:00am-3:59am,15,15,88,Not Applicable (Not Transported),88,Not Applicable (Not Transported),1
55,Wisconsin,550328,1,1,1,1,0,2,2,73,MARATHON (73),5110,WAUSAU,9,September,1,1,5,Thursday,2022,15,3:00pm-3:59pm,45,45,N 10TH ST,FOREST ST,6,Local Street - Municipality,2,Urban,5,Major Collector,4,City or Municipal Highway Agency,0,This section IS NOT on the NHS,0,No Special Jurisdiction,0,None,44.95686667,44.95686667,-89.61509444,-89.61509444,9,Pedalcyclist,0,The First Harmful Event was Not a Collision with a Motor Vehicle in Transport,0,No,3,Intersection-Related,2,Four-Way Intersection,1,On Roadway,0,None,1,Daylight,10,Cloudy,0,No,0000000,Not Applicable,15,3:00pm-3:59pm,45,45,15,3:00pm-3:59pm,50,50,16,4:00pm-4:59pm,7,7,1
55,Wisconsin,550329,0,0,2,2,0,4,4,25,DANE (25),4720,SUN PRAIRIE,8,August,20,20,7,Saturday,2022,20,8:00pm-8:59pm,25,25,REINER RD,INNOVATION WAY,6,Local Street - Municipality,2,Urban,4,Minor Arterial,4,City or Municipal Highway Agency,0,This section IS NOT on the NHS,0,No Special Jurisdiction,0,None,43.1522,43.1522,-89.265525,-89.265525,12,Motor Vehicle In-Transport,6,Angle,0,No,2,Intersection,3,T-Intersection,1,On Roadway,0,None,6,Dark - Unknown Lighting,10,Cloudy,0,No,0000000,Not Applicable,20,8:00pm-8:59pm,25,25,20,8:00pm-8:59pm,34,34,99,Unknown,99,Unknown EMS Hospital Arrival Time,2
55,Wisconsin,550330,0,0,1,1,0,1,1,25,DANE (25),0,NOT APPLICABLE,9,September,5,5,2,Monday,2022,3,3:00am-3:59am,6,6,US-151,NA,2,US Highway,1,Rural,2,Principal Arterial - Other Freeways and Expressways,1,State Highway Agency,1,This section IS ON the NHS,0,No Special Jurisdiction,99998,Not Reported,43.22796944,43.22796944,-89.159375,-89.159375,42,Tree (Standing Only),0,The First Harmful Event was Not a Collision with a Motor Vehicle in Transport,0,No,1,Non-Junction,1,Not an Intersection,3,On Median,0,None,2,Dark - Not Lighted,10,Cloudy,0,No,0000000,Not Applicable,3,3:00am-3:59am,9,9,3,3:00am-3:59am,15,15,88,Not Applicable (Not Transported),88,Not Applicable (Not Transported),1
55,Wisconsin,550331,0,0,2,2,0,5,5,7,BAYFIELD (7),0,NOT APPLICABLE,9,September,2,2,6,Friday,2022,19,7:00pm-7:59pm,18,18,SR-27,CR-N,3,State Highway,1,Rural,4,Minor Arterial,1,State Highway Agency,0,This section IS NOT on the NHS,0,No Special Jurisdiction,99998,Not Reported,46.34546944,46.34546944,-91.54649722,-91.54649722,12,Motor Vehicle In-Transport,6,Angle,0,No,2,Intersection,2,Four-Way Intersection,1,On Roadway,0,None,1,Daylight,1,Clear,0,No,0000000,Not Applicable,19,7:00pm-7:59pm,34,34,99,Unknown EMS Scene Arrival Hour,99,Unknown EMS Scene Arrival Minutes,99,Unknown,99,Unknown EMS Hospital Arrival Time,1
55,Wisconsin,550332,0,0,2,2,0,2,2,89,OZAUKEE (89),0,NOT APPLICABLE,9,September,8,8,5,Thursday,2022,18,6:00pm-6:59pm,36,36,I-43,NA,1,Interstate,1,Rural,1,Interstate,1,State Highway Agency,1,This section IS ON the NHS,0,No Special Jurisdiction,99998,Not Reported,43.46539444,43.46539444,-87.83129167,-87.83129167,12,Motor Vehicle In-Transport,2,Front-to-Front,0,No,1,Non-Junction,1,Not an Intersection,1,On Roadway,0,None,1,Daylight,1,Clear,0,No,0000000,Not Applicable,99,Unknown,99,Unknown,99,Unknown EMS Scene Arrival Hour,99,Unknown EMS Scene Arrival Minutes,88,Not Applicable (Not Transported),88,Not Applicable (Not Transported),2
55,Wisconsin,550333,0,0,2,2,0,4,4,123,VERNON (123),0,NOT APPLICABLE,9,September,4,4,1,Sunday,2022,16,4:00pm-4:59pm,48,48,SR-131,NA,3,State Highway,1,Rural,4,Minor Arterial,1,State Highway Agency,0,This section IS NOT on the NHS,0,No Special Jurisdiction,99998,Not Reported,43.46648056,43.46648056,-90.71725278,-90.71725278,12,Motor Vehicle In-Transport,2,Front-to-Front,0,No,8,Driveway Access Related,1,Not an Intersection,1,On Roadway,0,None,1,Daylight,1,Clear,0,No,0000000,Not Applicable,16,4:00pm-4:59pm,54,54,17,5:00pm-5:59pm,1,1,17,5:00pm-5:59pm,22,22,1
55,Wisconsin,550334,0,0,2,2,0,3,3,63,LA CROSSE (63),2190,HOLMEN,9,September,11,11,1,Sunday,2022,16,4:00pm-4:59pm,11,11,US-53,NA,2,US Highway,2,Urban,2,Principal Arterial - Other Freeways and Expressways,1,State Highway Agency,1,This section IS ON the NHS,0,No Special Jurisdiction,99998,Not Reported,43.94904444,43.94904444,-91.26931389,-91.26931389,57,Cable Barrier,0,The First Harmful Event was Not a Collision with a Motor Vehicle in Transport,0,No,1,Non-Junction,1,Not an Intersection,3,On Median,0,None,1,Daylight,10,Cloudy,0,No,0000000,Not Applicable,99,Unknown,99,Unknown,99,Unknown EMS Scene Arrival Hour,98,Unknown if Arrived,88,Not Applicable (Not Transported),88,Not Applicable (Not Transported),1
55,Wisconsin,550335,0,0,2,2,0,3,3,75,MARINETTE (75),0,NOT APPLICABLE,9,September,14,14,4,Wednesday,2022,10,10:00am-10:59am,44,44,CR-X,OLD RAIL RD,4,County Road,1,Rural,5,Major Collector,2,County Highway Agency,0,This section IS NOT on the NHS,0,No Special Jurisdiction,0,None,45.28048611,45.28048611,-87.74957222,-87.74957222,12,Motor Vehicle In-Transport,6,Angle,0,No,2,Intersection,2,Four-Way Intersection,1,On Roadway,0,None,1,Daylight,1,Clear,0,No,0000000,Not Applicable,11,11:00am-11:59am,0,0,11,11:00am-11:59am,0,0,99,Unknown,99,Unknown EMS Hospital Arrival Time,1
55,Wisconsin,550336,0,0,2,2,0,2,2,61,KEWAUNEE (61),0,NOT APPLICABLE,8,August,6,6,7,Saturday,2022,16,4:00pm-4:59pm,30,30,CR-AB,NA,4,County Road,1,Rural,5,Major Collector,2,County Highway Agency,0,This section IS NOT on the NHS,0,No Special Jurisdiction,99998,Not Reported,44.61630278,44.61630278,-87.71352222,-87.71352222,12,Motor Vehicle In-Transport,1,Front-to-Rear,0,No,1,Non-Junction,1,Not an Intersection,1,On Roadway,0,None,1,Daylight,10,Cloudy,0,No,0000000,Not Applicable,16,4:00pm-4:59pm,37,37,16,4:00pm-4:59pm,46,46,88,Not Applicable (Not Transported),88,Not Applicable (Not Transported),1
55,Wisconsin,550337,0,0,2,2,0,4,4,101,RACINE (101),795,CALEDONIA,9,September,2,2,6,Friday,2022,18,6:00pm-6:59pm,55,55,SR-32,SIX MILE RD,3,State Highway,2,Urban,3,Principal Arterial - Other,1,State Highway Agency,1,This section IS ON the NHS,0,No Special Jurisdiction,0,None,42.81323889,42.81323889,-87.83395,-87.83395,12,Motor Vehicle In-Transport,6,Angle,0,No,2,Intersection,2,Four-Way Intersection,1,On Roadway,0,None,1,Daylight,1,Clear,0,No,0000000,Not Applicable,18,6:00pm-6:59pm,56,56,18,6:00pm-6:59pm,59,59,99,Unknown,99,Unknown EMS Hospital Arrival Time,2
55,Wisconsin,550338,0,0,2,2,0,2,2,103,RICHLAND (103),0,NOT APPLICABLE,9,September,9,9,6,Friday,2022,5,5:00am-5:59am,48,48,US-14,NA,2,US Highway,1,Rural,3,Principal Arterial - Other,1,State Highway Agency,1,This section IS ON the NHS,0,No Special Jurisdiction,99998,Not Reported,43.29633056,43.29633056,-90.32525556,-90.32525556,12,Motor Vehicle In-Transport,2,Front-to-Front,0,No,1,Non-Junction,1,Not an Intersection,1,On Roadway,0,None,2,Dark - Not Lighted,1,Clear,0,No,0000000,Not Applicable,5,5:00am-5:59am,48,48,5,5:00am-5:59am,59,59,88,Not Applicable (Not Transported),88,Not Applicable (Not Transported),1