STATE,STATENAME,ST_CASE,PEDS,PERNOTMVIT,VE_TOTAL,VE_FORMS,PVH_INVL,PERSONS,PERMVIT,COUNTY,COUNTYNAME,CITY,CITYNAME,MONTH,MONTHNAME,DAY,DAYNAME,DAY_WEEK,DAY_WEEKNAME,YEAR,HOUR,HOURNAME,MINUTE,MINUTENAME,TWAY_ID,TWAY_ID2,ROUTE,ROUTENAME,RUR_URB,RUR_URBNAME,FUNC_SYS,FUNC_SYSNAME,RD_OWNER,RD_OWNERNAME,NHS,NHSNAME,SP_JUR,SP_JURNAME,MILEPT,MILEPTNAME,LATITUDE,LATITUDENAME,LONGITUD,LONGITUDNAME,HARM_EV,HARM_EVNAME,MAN_COLL,MAN_COLLNAME,RELJCT1,RELJCT1NAME,RELJCT2,RELJCT2NAME,TYP_INT,TYP_INTNAME,REL_ROAD,REL_ROADNAME,WRK_ZONE,WRK_ZONENAME,LGT_COND,LGT_CONDNAME,WEATHER,WEATHERNAME,SCH_BUS,SCH_BUSNAME,RAIL,RAILNAME,NOT_HOUR,NOT_HOURNAME,NOT_MIN,NOT_MINNAME,ARR_HOUR,ARR_HOURNAME,ARR_MIN,ARR_MINNAME,HOSP_HR,HOSP_HRNAME,HOSP_MN,HOSP_MNNAME,FATALS
55,Wisconsin,550376,0,0,2,2,0,2,2,25,DANE (25),2780,MADISON,9,September,30,30,6,Friday,2022,19,7:00pm-7:59pm,51,51,US-12,CR-AB,2,US Highway,2,Urban,2,Principal Arterial - Other Freeways and Expressways,1,State Highway Agency,1,This section IS ON the NHS,0,No Special Jurisdiction,99998,Not Reported,43.04051111,43.04051111,-89.24693333,-89.24693333,12,Motor Vehicle In-Transport,6,Angle,0,No,2,Intersection,2,Four-Way Intersection,1,On Roadway,4,"Work Zone, Type Unknown",2,Dark - Not Lighted,1,Clear,0,No,0000000,Not Applicable,99,Unknown,99,Unknown,99,Unknown EMS Scene Arrival Hour,99,Unknown EMS Scene Arrival Minutes,99,Unknown,99,Unknown EMS Hospital Arrival Time,1
55,Wisconsin,550377,0,0,1,1,0,1,1,25,DANE (25),2780,MADISON,10,October,2,2,1,Sunday,2022,19,7:00pm-7:59pm,10,10,US-151,NA,2,US Highway,2,Urban,3,Principal Arterial - Other,1,State Highway Agency,0,This section IS NOT on the NHS,0,No Special Jurisdiction,99998,Not Reported,43.03540278,43.03540278,-89.39502222,-89.39502222,35,Embankment,0,The First Harmful Event was Not a Collision with a Motor Vehicle in Transport,1,Yes,5,Entrance/Exit Ramp Related,1,Not an Intersection,8,Gore,0,None,3,Dark - Lighted,1,Clear,0,No,0000000,Not Applicable,19,7:00pm-7:59pm,17,17,19,7:00pm-7:59pm,22,22,19,7:00pm-7:59pm,48,48,1
55,Wisconsin,550378,0,0,1,1,0,1,1,5,BARRON (5),0,NOT APPLICABLE,10,October,8,8,7,Saturday,2022,9,9:00am-9:59am,15,15,US-53,NA,2,US Highway,1,Rural,5,Major Collector,1,State Highway Agency,0,This section IS NOT on the NHS,0,No Special Jurisdiction,99998,Not Reported,45.44725278,45.44725278,-91.75980556,-91.75980556,52,Guardrail End,0,The First Harmful Event was Not a Collision with a Motor Vehicle in Transport,0,No,1,Non-Junction,1,Not an Intersection,3,On Median,0,None,1,Daylight,1,Clear,0,No,0000000,Not Applicable,99,Unknown,99,Unknown,99,Unknown EMS Scene Arrival Hour,99,Unknown EMS Scene Arrival Minutes,88,Not Applicable (Not Transported),88,Not Applicable (Not Transported),1
55,Wisconsin,550379,1,1,1,1,0,4,4,71,MANITOWOC (71),0,NOT APPLICABLE,10,October,1,1,7,Saturday,2022,20,8:00pm-8:59pm,51,51,CR-X,NA,4,County Road,1,Rural,5,Major Collector,2,County Highway Agency,0,This section IS NOT on the NHS,0,No Special Jurisdiction,0,None,43.94976389,43.94976389,-88.02488889,-88.02488889,8,Pedestrian,0,The First Harmful Event was Not a Collision with a Motor Vehicle in Transport,0,No,1,Non-Junction,1,Not an Intersection,1,On Roadway,0,None,2,Dark - Not Lighted,1,Clear,0,No,0000000,Not Applicable,20,8:00pm-8:59pm,53,53,21,9:00pm-9:59pm,5,5,88,Not Applicable (Not Transported),88,Not Applicable (Not Transported),1
55,Wisconsin,550380,0,0,1,1,0,2,2,101,RACINE (101),9997,Other,10,October,2,2,1,Sunday,2022,22,10:00pm-10:59pm,16,16,SR-11,NA,3,State Highway,1,Rural,3,Principal Arterial - Other,1,State Highway Agency,1,This section IS ON the NHS,0,No Special Jurisdiction,99998,Not Reported,42.68131944,42.68131944,-88.02119167,-88.02119167,1,Rollover/Overturn,0,The First Harmful Event was Not a Collision with a Motor Vehicle in Transport,0,No,1,Non-Junction,1,Not an Intersection,4,On Roadside,0,None,2,Dark - Not Lighted,10,Cloudy,0,No,0000000,Not Applicable,22,10:00pm-10:59pm,16,16,22,10:00pm-10:59pm,21,21,88,Not Applicable (Not Transported),88,Not Applicable (Not Transported),1
55,Wisconsin,550381,0,0,2,2,0,3,3,79,MILWAUKEE (79),3100,MILWAUKEE,8,August,12,12,6,Friday,2022,19,7:00pm-7:59pm,21,21,SR-145 W FOND DU LAC AVE,SR-145 W CONGRESS ST,3,State Highway,2,Urban,3,Principal Arterial - Other,1,State Highway Agency,1,This section IS ON the NHS,0,No Special Jurisdiction,99998,Not Reported,43.09712222,43.09712222,-87.98562778,-87.98562778,12,Motor Vehicle In-Transport,6,Angle,0,No,2,Intersection,2,Four-Way Intersection,1,On Roadway,0,None,1,Daylight,1,Clear,0,No,0000000,Not Applicable,99,Unknown,99,Unknown,99,Unknown EMS Scene Arrival Hour,99,Unknown EMS Scene Arrival Minutes,99,Unknown,99,Unknown EMS Hospital Arrival Time,1
55,Wisconsin,550382,0,0,2,2,0,3,3,79,MILWAUKEE (79),3100,MILWAUKEE,10,October,5,5,4,Wednesday,2022,20,8:00pm-8:59pm,57,57,SR-175 W APPLETON AVE,NA,3,State Highway,2,Urban,3,Principal Arterial - Other,1,State Highway Agency,1,This section IS ON the NHS,0,No Special Jurisdiction,99998,Not Reported,43.11029167,43.11029167,-88.02273889,-88.02273889,12,Motor Vehicle In-Transport,7,Sideswipe - Same Direction,0,No,1,Non-Junction,1,Not an Intersection,1,On Roadway,0,None,3,Dark - Lighted,10,Cloudy,0,No,0000000,Not Applicable,99,Unknown,99,Unknown,99,Unknown EMS Scene Arrival Hour,99,Unknown EMS Scene Arrival Minutes,99,Unknown,99,Unknown EMS Hospital Arrival Time,1
55,Wisconsin,550383,0,0,1,1,0,1,1,83,OCONTO (83),0,NOT APPLICABLE,10,October,7,7,6,Friday,2022,23,11:00pm-11:59pm,9,9,OLD 22 RD,NA,5,Local Street - Township,1,Rural,7,Local,3,Town or Township Highway Agency,0,This section IS NOT on the NHS,0,No Special Jurisdiction,0,None,44.8758,44.8758,-88.32601389,-88.32601389,42,Tree (Standing Only),0,The First Harmful Event was Not a Collision with a Motor Vehicle in Transport,0,No,1,Non-Junction,1,Not an Intersection,4,On Roadside,0,None,2,Dark - Not Lighted,1,Clear,0,No,0000000,Not Applicable,99,Unknown,99,Unknown,99,Unknown EMS Scene Arrival Hour,99,Unknown EMS Scene Arrival Minutes,88,Not Applicable (Not Transported),88,Not Applicable (Not Transported),1
55,Wisconsin,550384,1,1,1,1,0,1,1,105,ROCK (105),2320,JANESVILLE,9,September,28,28,4,Wednesday,2022,15,3:00pm-3:59pm,17,17,E MEMORIAL DR,PRAIRIE AVE,6,Local Street - Municipality,2,Urban,4,Minor Arterial,4,City or Municipal Highway Agency,0,This section IS NOT on the NHS,0,No Special Jurisdiction,0,None,42.69366111,42.69366111,-89.01748333,-89.01748333,8,Pedestrian,0,The First Harmful Event was Not a Collision with a Motor Vehicle in Transport,0,No,3,Intersection-Related,2,Four-Way Intersection,1,On Roadway,0,None,1,Daylight,10,Cloudy,0,No,0000000,Not Applicable,15,3:00pm-3:59pm,19,19,15,3:00pm-3:59pm,22,22,15,3:00pm-3:59pm,38,38,1
55,Wisconsin,550385,0,0,2,2,0,2,2,15,CALUMET (15),9997,Other,9,September,27,27,3,Tuesday,2022,7,7:00am-7:59am,35,35,SR-114,STATE PARK RD,3,State Highway,2,Urban,3,Principal Arterial - Other,1,State Highway Agency,0,This section IS NOT on the NHS,0,No Special Jurisdiction,99998,Not Reported,44.196225,44.196225,-88.30367778,-88.30367778,12,Motor Vehicle In-Transport,6,Angle,0,No,2,Intersection,2,Four-Way Intersection,1,On Roadway,0,None,1,Daylight,1,Clear,0,No,0000000,Not Applicable,7,7:00am-7:59am,36,36,99,Unknown EMS Scene Arrival Hour,99,Unknown EMS Scene Arrival Minutes,88,Not Applicable (Not Transported),88,Not Applicable (Not Transported),1
55,Wisconsin,550386,0,0,1,1,0,1,1,25,DANE (25),0,NOT APPLICABLE,10,October,2,2,1,Sunday,2022,21,9:00pm-9:59pm,33,33,SR-19,PROSPECTOR LN,3,State Highway,1,Rural,4,Minor Arterial,1,State Highway Agency,0,This section IS NOT on the NHS,0,No Special Jurisdiction,99998,Not Reported,43.17160278,43.17160278,-89.12967222,-89.12967222,19,Building,0,The First Harmful Event was Not a Collision with a Motor Vehicle in Transport,0,No,3,Intersection-Related,3,T-Intersection,4,On Roadside,0,None,2,Dark - Not Lighted,1,Clear,0,No,0000000,Not Applicable,21,9:00pm-9:59pm,33,33,21,9:00pm-9:59pm,44,44,88,Not Applicable (Not Transported),88,Not Applicable (Not Transported),1
55,Wisconsin,550387,0,0,2,2,0,2,2,25,DANE (25),0,NOT APPLICABLE,10,October,4,4,3,Tuesday,2022,16,4:00pm-4:59pm,44,44,US-12,SR-188,2,US Highway,1,Rural,5,Major Collector,1,State Highway Agency,0,This section IS NOT on the NHS,0,No Special Jurisdiction,99998,Not Reported,43.26282222,43.26282222,-89.71172778,-89.71172778,12,Motor Vehicle In-Transport,6,Angle,0,No,2,Intersection,2,Four-Way Intersection,1,On Roadway,0,None,1,Daylight,1,Clear,0,No,0000000,Not Applicable,99,Unknown,99,Unknown,99,Unknown EMS Scene Arrival Hour,99,Unknown EMS Scene Arrival Minutes,99,Unknown,99,Unknown EMS Hospital Arrival Time,1
55,Wisconsin,550388,0,0,2,2,0,2,2,105,ROCK (105),0,NOT APPLICABLE,10,October,7,7,6,Friday,2022,18,6:00pm-6:59pm,13,13,SR-59,NA,3,State Highway,1,Rural,4,Minor Arterial,1,State Highway Agency,0,This section IS NOT on the NHS,0,No Special Jurisdiction,99998,Not Reported,42.8014,42.8014,-88.79555556,-88.79555556,12,Motor Vehicle In-Transport,6,Angle,0,No,1,Non-Junction,1,Not an Intersection,1,On Roadway,0,None,5,Dusk,1,Clear,0,No,0000000,Not Applicable,18,6:00pm-6:59pm,19,19,18,6:00pm-6:59pm,24,24,88,Not Applicable (Not Transported),88,Not Applicable (Not Transported),1
55,Wisconsin,550389,0,0,1,1,0,2,2,97,PORTAGE (97),0,NOT APPLICABLE,10,October,10,10,2,Monday,2022,10,10:00am-10:59am,21,21,I-39,NA,1,Interstate,1,Rural,1,Interstate,1,State Highway Agency,1,This section IS ON the NHS,0,No Special Jurisdiction,99998,Not Reported,44.57465556,44.57465556,-89.60160833,-89.60160833,34,Ditch,0,The First Harmful Event was Not a Collision with a Motor Vehicle in Transport,0,No,1,Non-Junction,1,Not an Intersection,4,On Roadside,0,None,1,Daylight,1,Clear,0,No,0000000,Not Applicable,10,10:00am-10:59am,26,26,10,10:00am-10:59am,32,32,11,11:00am-11:59am,38,38,1
55,Wisconsin,550390,0,0,1,1,0,4,4,5,BARRON (5),0,NOT APPLICABLE,10,October,10,10,2,Monday,2022,19,7:00pm-7:59pm,0,0,16 1/2 AVE,NA,5,Local Street - Township,1,Rural,6,Minor Collector,3,Town or Township Highway Agency,0,This section IS NOT on the NHS,0,No Special Jurisdiction,0,None,45.44441667,45.44441667,-91.75008611,-91.75008611,34,Ditch,0,The First Harmful Event was Not a Collision with a Motor Vehicle in Transport,0,No,1,Non-Junction,1,Not an Intersection,4,On Roadside,0,None,5,Dusk,1,Clear,0,No,0000000,Not Applicable,99,Unknown,99,Unknown,99,Unknown EMS Scene Arrival Hour,99,Unknown EMS Scene Arrival Minutes,99,Unknown,99,Unknown EMS Hospital Arrival Time,2
55,Wisconsin,550391,0,0,2,2,0,3,3,127,WALWORTH (127),0,NOT APPLICABLE,10,October,3,3,2,Monday,2022,17,5:00pm-5:59pm,46,46,CR-C,SALT BOX RD,4,County Road,1,Rural,6,Minor Collector,2,County Highway Agency,0,This section IS NOT on the NHS,0,No Special Jurisdiction,0,None,42.49251944,42.49251944,-88.74699722,-88.74699722,12,Motor Vehicle In-Transport,6,Angle,0,No,2,Intersection,3,T-Intersection,1,On Roadway,0,None,1,Daylight,8,Other,0,No,0000000,Not Applicable,99,Unknown,99,Unknown,99,Unknown EMS Scene Arrival Hour,99,Unknown EMS Scene Arrival Minutes,99,Unknown,99,Unknown EMS Hospital Arrival Time,1
55,Wisconsin,550392,1,1,1,1,0,3,3,79,MILWAUKEE (79),3100,MILWAUKEE,10,October,6,6,5,Thursday,2022,17,5:00pm-5:59pm,55,55,N 16TH ST,NA,6,Local Street - Municipality,2,Urban,4,Minor Arterial,4,City or Municipal Highway Agency,0,This section IS NOT on the NHS,0,No Special Jurisdiction,0,None,43.03155278,43.03155278,-87.93298056,-87.93298056,33,Curb,0,The First Harmful Event was Not a Collision with a Motor Vehicle in Transport,0,No,1,Non-Junction,1,Not an Intersection,4,On Roadside,0,None,1,Daylight,1,Clear,0,No,0000000,Not Applicable,99,Unknown,99,Unknown,99,Unknown EMS Scene Arrival Hour,99,Unknown EMS Scene Arrival Minutes,99,Unknown,99,Unknown EMS Hospital Arrival Time,3
55,Wisconsin,550393,0,0,2,2,0,2,2,79,MILWAUKEE (79),3100,MILWAUKEE,5,May,11,11,4,Wednesday,2022,1,1:00am-1:59am,50,50,I-43,NA,1,Interstate,2,Urban,1,Interstate,1,State Highway Agency,1,This section IS ON the NHS,0,No Special Jurisdiction,99998,Not Reported,42.99341667,42.99341667,-87.91499722,-87.91499722,12,Motor Vehicle In-Transport,2,Front-to-Front,0,No,1,Non-Junction,1,Not an Intersection,1,On Roadway,0,None,3,Dark - Lighted,1,Clear,0,No,0000000,Not Applicable,99,Unknown,99,Unknown,99,Unknown EMS Scene Arrival Hour,99,Unknown EMS Scene Arrival Minutes,88,Not Applicable (Not Transported),88,Not Applicable (Not Transported),2
55,Wisconsin,550394,0,0,2,2,0,4,4,123,VERNON (123),0,NOT APPLICABLE,5,May,26,26,5,Thursday,2022,14,2:00pm-2:59pm,47,47,CR-V,NA,4,County Road,1,Rural,5,Major Collector,2,County Highway Agency,0,This section IS NOT on the NHS,0,No Special Jurisdiction,99998,Not Reported,43.67468056,43.67468056,-90.45606389,-90.45606389,12,Motor Vehicle In-Transport,6,Angle,0,No,1,Non-Junction,1,Not an Intersection,4,On Roadside,0,None,1,Daylight,10,Cloudy,0,No,0000000,Not Applicable,14,2:00pm-2:59pm,50,50,15,3:00pm-3:59pm,5,5,15,3:00pm-3:59pm,31,31,1
55,Wisconsin,550395,0,0,3,3,0,3,3,11,BUFFALO (11),0,NOT APPLICABLE,5,May,31,31,3,Tuesday,2022,15,3:00pm-3:59pm,2,2,SR-25,NA,3,State Highway,1,Rural,3,Principal Arterial - Other,1,State Highway Agency,1,This section IS ON the NHS,0,No Special Jurisdiction,99998,Not Reported,44.3882,44.3882,-92.03065556,-92.03065556,12,Motor Vehicle In-Transport,2,Front-to-Front,0,No,1,Non-Junction,1,Not an Intersection,1,On Roadway,0,None,1,Daylight,1,Clear,0,No,0000000,Not Applicable,15,3:00pm-3:59pm,99,Unknown,15,3:00pm-3:59pm,5,5,15,3:00pm-3:59pm,99,Unknown EMS Hospital Arrival Time,1
55,Wisconsin,550396,1,1,1,1,0,2,2,101,RACINE (101),3970,RACINE,9,September,11,11,1,Sunday,2022,19,7:00pm-7:59pm,5,5,SR-20,NA,3,State Highway,2,Urban,3,Principal Arterial - Other,1,State Highway Agency,1,This section IS ON the NHS,0,No Special Jurisdiction,99998,Not Reported,42.71430278,42.71430278,-87.80398611,-87.80398611,8,Pedestrian,0,The First Harmful Event was Not a Collision with a Motor Vehicle in Transport,0,No,1,Non-Junction,1,Not an Intersection,1,On Roadway,0,None,3,Dark - Lighted,2,Rain,0,No,0000000,Not Applicable,19,7:00pm-7:59pm,5,5,19,7:00pm-7:59pm,9,9,19,7:00pm-7:59pm,22,22,1
55,Wisconsin,550397,0,0,1,1,0,1,1,93,PIERCE (93),0,NOT APPLICABLE,9,September,24,24,7,Saturday,2022,17,5:00pm-5:59pm,21,21,CR-S,NA,4,County Road,1,Rural,5,Major Collector,2,County Highway Agency,0,This section IS NOT on the NHS,0,No Special Jurisdiction,0,None,44.69485556,44.69485556,-92.1657,-92.1657,18,Other Object (not fixed),0,The First Harmful Event was Not a Collision with a Motor Vehicle in Transport,0,No,1,Non-Junction,1,Not an Intersection,1,On Roadway,0,None,1,Daylight,2,Rain,0,No,0000000,Not Applicable,17,5:00pm-5:59pm,21,21,17,5:00pm-5:59pm,34,34,18,6:00pm-6:59pm,49,49,1
55,Wisconsin,550398,0,0,2,2,0,5,5,25,DANE (25),3140,MONONA,9,September,21,21,4,Wednesday,2022,12,12:00pm-12:59pm,49,49,CR-BB MONONA DR,NA,4,County Road,2,Urban,4,Minor Arterial,2,County Highway Agency,0,This section IS NOT on the NHS,0,No Special Jurisdiction,0,None,43.0557,43.0557,-89.32554444,-89.32554444,12,Motor Vehicle In-Transport,6,Angle,0,No,8,Driveway Access Related,1,Not an Intersection,1,On Roadway,0,None,1,Daylight,10,Cloudy,0,No,0000000,Not Applicable,13,1:00pm-1:59pm,1,1,13,1:00pm-1:59pm,7,7,13,1:00pm-1:59pm,46,46,1
55,Wisconsin,550399,0,0,2,2,0,2,2,117,SHEBOYGAN (117),0,NOT APPLICABLE,10,October,8,8,7,Saturday,2022,18,6:00pm-6:59pm,42,42,CR-FF,CR-M,4,County Road,1,Rural,7,Local,2,County Highway Agency,0,This section IS NOT on the NHS,0,No Special Jurisdiction,0,None,43.84838889,43.84838889,-87.881025,-87.881025,12,Motor Vehicle In-Transport,6,Angle,0,No,2,Intersection,2,Four-Way Intersection,1,On Roadway,0,None,2,Dark - Not Lighted,1,Clear,0,No,0000000,Not Applicable,99,Unknown,99,Unknown,99,Unknown EMS Scene Arrival Hour,99,Unknown EMS Scene Arrival Minutes,99,Unknown,99,Unknown EMS Hospital Arrival Time,1
55,Wisconsin,550401,0,0,1,1,0,1,1,97,PORTAGE (97),0,NOT APPLICABLE,10,October,12,12,4,Wednesday,2022,8,8:00am-8:59am,35,35,I-39,NA,1,Interstate,2,Urban,1,Interstate,1,State Highway Agency,1,This section IS ON the NHS,0,No Special Jurisdiction,99998,Not Reported,44.55271944,44.55271944,-89.584175,-89.584175,21,Bridge Pier or Support,0,The First Harmful Event was Not a Collision with a Motor Vehicle in Transport,0,No,1,Non-Junction,1,Not an Intersection,3,On Median,0,None,1,Daylight,2,Rain,0,No,0000000,Not Applicable,8,8:00am-8:59am,45,45,8,8:00am-8:59am,50,50,9,9:00am-9:59am,10,10,1
55,Wisconsin,550402,0,0,1,1,0,3,3,139,WINNEBAGO (139),9997,Other,5,May,30,30,2,Monday,2022,17,5:00pm-5:59pm,42,42,US-10,NA,2,US Highway,2,Urban,2,Principal Arterial - Other Freeways and Expressways,1,State Highway Agency,1,This section IS ON the NHS,0,No Special Jurisdiction,99998,Not Reported,44.22544444,44.22544444,-88.44416111,-88.44416111,5,Fell/Jumped from Vehicle,0,The First Harmful Event was Not a Collision with a Motor Vehicle in Transport,0,No,1,Non-Junction,1,Not an Intersection,1,On Roadway,0,None,6,Dark - Unknown Lighting,1,Clear,0,No,0000000,Not Applicable,17,5:00pm-5:59pm,43,43,17,5:00pm-5:59pm,48,48,88,Not Applicable (Not Transported),88,Not Applicable (Not Transported),1
55,Wisconsin,550403,0,0,1,1,0,1,1,31,DOUGLAS (31),0,NOT APPLICABLE,10,October,15,15,7,Saturday,2022,99,Unknown Hours,99,Unknown Minutes,US-53 BUS,NA,2,US Highway,1,Rural,5,Major Collector,1,State Highway Agency,0,This section IS NOT on the NHS,0,No Special Jurisdiction,0,None,46.37703333,46.37703333,-91.82064167,-91.82064167,34,Ditch,0,The First Harmful Event was Not a Collision with a Motor Vehicle in Transport,0,No,1,Non-Junction,1,Not an Intersection,4,On Roadside,0,None,2,Dark - Not Lighted,1,Clear,0,No,0000000,Not Applicable,21,9:00pm-9:59pm,29,29,21,9:00pm-9:59pm,29,29,88,Not Applicable (Not Transported),88,Not Applicable (Not Transported),1
55,Wisconsin,550404,1,1,1,1,0,1,1,101,RACINE (101),3970,RACINE,10,October,18,18,3,Tuesday,2022,20,8:00pm-8:59pm,20,20,N MEMORIAL DR,NA,6,Local Street - Municipality,2,Urban,4,Minor Arterial,4,City or Municipal Highway Agency,0,This section IS NOT on the NHS,0,No Special Jurisdiction,0,None,42.73380278,42.73380278,-87.80015833,-87.80015833,8,Pedestrian,0,The First Harmful Event was Not a Collision with a Motor Vehicle in Transport,0,No,1,Non-Junction,1,Not an Intersection,1,On Roadway,0,None,3,Dark - Lighted,10,Cloudy,0,No,0000000,Not Applicable,20,8:00pm-8:59pm,22,22,20,8:00pm-8:59pm,25,25,20,8:00pm-8:59pm,40,40,1
55,Wisconsin,550405,0,0,3,3,0,4,4,139,WINNEBAGO (139),3620,OSHKOSH,10,October,13,13,5,Thursday,2022,11,11:00am-11:59am,27,27,I-41,NA,1,Interstate,2,Urban,1,Interstate,1,State Highway Agency,1,This section IS ON the NHS,0,No Special Jurisdiction,99998,Not Reported,44.02176944,44.02176944,-88.58188056,-88.58188056,12,Motor Vehicle In-Transport,6,Angle,0,No,1,Non-Junction,1,Not an Intersection,1,On Roadway,0,None,1,Daylight,10,Cloudy,0,No,0000000,Not Applicable,99,Unknown,99,Unknown,99,Unknown EMS Scene Arrival Hour,99,Unknown EMS Scene Arrival Minutes,99,Unknown,99,Unknown EMS Hospital Arrival Time,1
55,Wisconsin,550406,0,0,2,2,0,2,2,133,WAUKESHA (133),5060,WAUKESHA,10,October,17,17,2,Monday,2022,14,2:00pm-2:59pm,33,33,CR-Y,NA,4,County Road,2,Urban,3,Principal Arterial - Other,2,County Highway Agency,1,This section IS ON the NHS,0,No Special Jurisdiction,0,None,42.99773889,42.99773889,-88.20836667,-88.20836667,12,Motor Vehicle In-Transport,2,Front-to-Front,0,No,1,Non-Junction,1,Not an Intersection,1,On Roadway,0,None,1,Daylight,10,Cloudy,0,No,0000000,Not Applicable,14,2:00pm-2:59pm,34,34,14,2:00pm-2:59pm,39,39,15,3:00pm-3:59pm,16,16,1
55,Wisconsin,550407,1,1,1,1,0,1,1,79,MILWAUKEE (79),4490,SOUTH MILWAUKEE,10,October,19,19,4,Wednesday,2022,11,11:00am-11:59am,22,22,CR-ZZ,15TH AVE,4,County Road,2,Urban,3,Principal Arterial - Other,2,County Highway Agency,1,This section IS ON the NHS,0,No Special Jurisdiction,0,None,42.93001944,42.93001944,-87.87021111,-87.87021111,9,Pedalcyclist,0,The First Harmful Event was Not a Collision with a Motor Vehicle in Transport,0,No,3,Intersection-Related,2,Four-Way Intersection,1,On Roadway,0,None,1,Daylight,1,Clear,0,No,0000000,Not Applicable,11,11:00am-11:59am,22,22,11,11:00am-11:59am,28,28,88,Not Applicable (Not Transported),88,Not Applicable (Not Transported),1
55,Wisconsin,550408,0,0,2,2,0,3,3,39,FOND DU LAC (39),0,NOT APPLICABLE,10,October,7,7,6,Friday,2022,12,12:00pm-12:59pm,20,20,SR-26,NA,3,State Highway,1,Rural,3,Principal Arterial - Other,1,State Highway Agency,1,This section IS ON the NHS,0,No Special Jurisdiction,99998,Not Reported,43.79546944,43.79546944,-88.67518333,-88.67518333,12,Motor Vehicle In-Transport,8,Sideswipe - Opposite Direction,0,No,1,Non-Junction,1,Not an Intersection,1,On Roadway,0,None,1,Daylight,10,Cloudy,0,No,0000000,Not Applicable,12,12:00pm-12:59pm,23,23,12,12:00pm-12:59pm,31,31,13,1:00pm-1:59pm,17,17,1
55,Wisconsin,550409,0,0,1,1,0,4,4,39,FOND DU LAC (39),0,NOT APPLICABLE,10,October,8,8,7,Saturday,2022,17,5:00pm-5:59pm,38,38,CR-GGG,NA,4,County Road,1,Rural,6,Minor Collector,2,County Highway Agency,0,This section IS NOT on the NHS,0,No Special Jurisdiction,0,None,43.58466111,43.58466111,-88.17049444,-88.17049444,30,Utility Pole/Light Support,0,The First Harmful Event was Not a Collision with a Motor Vehicle in Transport,0,No,1,Non-Junction,1,Not an Intersection,4,On Roadside,0,None,1,Daylight,1,Clear,0,No,0000000,Not Applicable,17,5:00pm-5:59pm,40,40,18,6:00pm-6:59pm,0,0,18,6:00pm-6:59pm,27,27,1
55,Wisconsin,550410,1,1,1,1,0,1,1,79,MILWAUKEE (79),3100,MILWAUKEE,9,September,29,29,5,Thursday,2022,7,7:00am-7:59am,12,12,W FOND DU LAC AVE,W SILVER SPRING DR,6,Local Street - Municipality,2,Urban,3,Principal Arterial - Other,4,City or Municipal Highway Agency,1,This section IS ON the NHS,0,No Special Jurisdiction,0,None,43.11948611,43.11948611,-88.01398611,-88.01398611,9,Pedalcyclist,0,The First Harmful Event was Not a Collision with a Motor Vehicle in Transport,0,No,3,Intersection-Related,2,Four-Way Intersection,1,On Roadway,0,None,4,Dawn,1,Clear,0,No,0000000,Not Applicable,99,Unknown,99,Unknown,99,Unknown EMS Scene Arrival Hour,99,Unknown EMS Scene Arrival Minutes,99,Unknown,99,Unknown EMS Hospital Arrival Time,1
55,Wisconsin,550411,0,0,1,1,0,1,1,115,SHAWANO (115),0,NOT APPLICABLE,10,October,15,15,7,Saturday,2022,23,11:00pm-11:59pm,20,20,MILL RD,NA,5,Local Street - Township,1,Rural,7,Local,3,Town or Township Highway Agency,0,This section IS NOT on the NHS,0,No Special Jurisdiction,0,None,44.87611111,44.87611111,-88.98148333,-88.98148333,34,Ditch,0,The First Harmful Event was Not a Collision with a Motor Vehicle in Transport,0,No,1,Non-Junction,1,Not an Intersection,4,On Roadside,0,None,3,Dark - Lighted,2,Rain,0,No,0000000,Not Applicable,8,8:00am-8:59am,33,33,8,8:00am-8:59am,54,54,99,Unknown,99,Unknown EMS Hospital Arrival Time,1
55,Wisconsin,550412,0,0,2,2,0,2,2,79,MILWAUKEE (79),3100,MILWAUKEE,10,October,21,21,6,Friday,2022,12,12:00pm-12:59pm,50,50,N TEUTONIA AVE,W CUSTER AVE,6,Local Street - Municipality,2,Urban,4,Minor Arterial,4,City or Municipal Highway Agency,0,This section IS NOT on the NHS,0,No Special Jurisdiction,0,None,43.11485556,43.11485556,-87.95019722,-87.95019722,12,Motor Vehicle In-Transport,6,Angle,0,No,2,Intersection,3,T-Intersection,1,On Roadway,0,None,1,Daylight,1,Clear,0,No,0000000,Not Applicable,99,Unknown,99,Unknown,99,Unknown EMS Scene Arrival Hour,99,Unknown EMS Scene Arrival Minutes,88,Not Applicable (Not Transported),88,Not Applicable (Not Transported),1
55,Wisconsin,550413,0,0,1,1,0,1,1,73,MARATHON (73),0,NOT APPLICABLE,10,October,23,23,1,Sunday,2022,16,4:00pm-4:59pm,47,47,CR-N,NA,4,County Road,1,Rural,5,Major Collector,2,County Highway Agency,0,This section IS NOT on the NHS,0,No Special Jurisdiction,0,None,44.9428,44.9428,-89.26956667,-89.26956667,34,Ditch,0,The First Harmful Event was Not a Collision with a Motor Vehicle in Transport,0,No,1,Non-Junction,1,Not an Intersection,4,On Roadside,0,None,1,Daylight,10,Cloudy,0,No,0000000,Not Applicable,88,Not Applicable (Not Notified),88,Not Applicable (Not Notified),88,Not Applicable,88,Not Applicable,88,Not Applicable (Not Transported),88,Not Applicable (Not Transported),1