STATE,STATENAME,ST_CASE,PEDS,PERNOTMVIT,VE_TOTAL,VE_FORMS,PVH_INVL,PERSONS,PERMVIT,COUNTY,COUNTYNAME,CITY,CITYNAME,MONTH,MONTHNAME,DAY,DAYNAME,DAY_WEEK,DAY_WEEKNAME,YEAR,HOUR,HOURNAME,MINUTE,MINUTENAME,TWAY_ID,TWAY_ID2,ROUTE,ROUTENAME,RUR_URB,RUR_URBNAME,FUNC_SYS,FUNC_SYSNAME,RD_OWNER,RD_OWNERNAME,NHS,NHSNAME,SP_JUR,SP_JURNAME,MILEPT,MILEPTNAME,LATITUDE,LATITUDENAME,LONGITUD,LONGITUDNAME,HARM_EV,HARM_EVNAME,MAN_COLL,MAN_COLLNAME,RELJCT1,RELJCT1NAME,RELJCT2,RELJCT2NAME,TYP_INT,TYP_INTNAME,REL_ROAD,REL_ROADNAME,WRK_ZONE,WRK_ZONENAME,LGT_COND,LGT_CONDNAME,WEATHER,WEATHERNAME,SCH_BUS,SCH_BUSNAME,RAIL,RAILNAME,NOT_HOUR,NOT_HOURNAME,NOT_MIN,NOT_MINNAME,ARR_HOUR,ARR_HOURNAME,ARR_MIN,ARR_MINNAME,HOSP_HR,HOSP_HRNAME,HOSP_MN,HOSP_MNNAME,FATALS
55,Wisconsin,550487,0,0,2,2,0,2,2,25,DANE (25),0,NOT APPLICABLE,11,November,12,12,7,Saturday,2022,15,3:00pm-3:59pm,47,47,ROME CORNERS RD,CTHMM,5,Local Street - Township,1,Rural,7,Local,3,Town or Township Highway Agency,0,This section IS NOT on the NHS,0,No Special Jurisdiction,0,None,42.88163056,42.88163056,-89.36856944,-89.36856944,12,Motor Vehicle In-Transport,6,Angle,0,No,3,Intersection-Related,2,Four-Way Intersection,1,On Roadway,0,None,1,Daylight,10,Cloudy,0,No,0000000,Not Applicable,15,3:00pm-3:59pm,48,48,99,Unknown EMS Scene Arrival Hour,99,Unknown EMS Scene Arrival Minutes,99,Unknown,99,Unknown EMS Hospital Arrival Time,1
55,Wisconsin,550488,0,0,1,1,0,3,3,141,WOOD (141),4232,RUDOLPH,11,November,13,13,1,Sunday,2022,13,1:00pm-1:59pm,53,53,SR-13,NA,3,State Highway,1,Rural,7,Local,1,State Highway Agency,0,This section IS NOT on the NHS,0,No Special Jurisdiction,99998,Not Reported,44.5073,44.5073,-89.8076,-89.8076,34,Ditch,0,The First Harmful Event was Not a Collision with a Motor Vehicle in Transport,0,No,1,Non-Junction,1,Not an Intersection,4,On Roadside,0,None,1,Daylight,10,Cloudy,0,No,0000000,Not Applicable,13,1:00pm-1:59pm,58,58,14,2:00pm-2:59pm,10,10,15,3:00pm-3:59pm,27,27,1
55,Wisconsin,550489,0,0,1,1,0,4,4,19,CLARK (19),0,NOT APPLICABLE,11,November,14,14,2,Monday,2022,15,3:00pm-3:59pm,10,10,SR-13,NA,3,State Highway,1,Rural,3,Principal Arterial - Other,1,State Highway Agency,1,This section IS ON the NHS,0,No Special Jurisdiction,99998,Not Reported,45.02043056,45.02043056,-90.31520556,-90.31520556,35,Embankment,0,The First Harmful Event was Not a Collision with a Motor Vehicle in Transport,0,No,1,Non-Junction,1,Not an Intersection,4,On Roadside,0,None,1,Daylight,4,Snow,0,No,0000000,Not Applicable,15,3:00pm-3:59pm,13,13,15,3:00pm-3:59pm,26,26,99,Unknown,99,Unknown EMS Hospital Arrival Time,1
55,Wisconsin,550490,0,0,2,2,0,2,2,79,MILWAUKEE (79),2015,GREENFIELD,10,October,28,28,6,Friday,2022,10,10:00am-10:59am,9,9,CR-U S 76TH ST,NA,4,County Road,2,Urban,3,Principal Arterial - Other,2,County Highway Agency,1,This section IS ON the NHS,0,No Special Jurisdiction,0,None,42.95833889,42.95833889,-88.00833056,-88.00833056,12,Motor Vehicle In-Transport,6,Angle,0,No,1,Non-Junction,1,Not an Intersection,1,On Roadway,0,None,1,Daylight,1,Clear,0,No,0000000,Not Applicable,10,10:00am-10:59am,10,10,10,10:00am-10:59am,14,14,10,10:00am-10:59am,39,39,1
55,Wisconsin,550491,0,0,1,1,0,1,1,27,DODGE (27),0,NOT APPLICABLE,11,November,6,6,1,Sunday,2022,16,4:00pm-4:59pm,19,19,CR-J,NA,4,County Road,1,Rural,5,Major Collector,2,County Highway Agency,0,This section IS NOT on the NHS,0,No Special Jurisdiction,0,None,43.31411944,43.31411944,-88.81825278,-88.81825278,32,Culvert,0,The First Harmful Event was Not a Collision with a Motor Vehicle in Transport,0,No,1,Non-Junction,1,Not an Intersection,4,On Roadside,0,None,5,Dusk,1,Clear,0,No,0000000,Not Applicable,99,Unknown,99,Unknown,99,Unknown EMS Scene Arrival Hour,99,Unknown EMS Scene Arrival Minutes,99,Unknown,99,Unknown EMS Hospital Arrival Time,1
55,Wisconsin,550492,1,1,2,1,1,1,1,111,SAUK (111),0,NOT APPLICABLE,11,November,22,22,3,Tuesday,2022,7,7:00am-7:59am,43,43,SR-23,NA,3,State Highway,1,Rural,4,Minor Arterial,1,State Highway Agency,0,This section IS NOT on the NHS,0,No Special Jurisdiction,99998,Not Reported,43.34876667,43.34876667,-90.06900278,-90.06900278,14,Parked Motor Vehicle,0,The First Harmful Event was Not a Collision with a Motor Vehicle in Transport,0,No,1,Non-Junction,1,Not an Intersection,2,On Shoulder,4,"Work Zone, Type Unknown",1,Daylight,10,Cloudy,0,No,0000000,Not Applicable,7,7:00am-7:59am,45,45,7,7:00am-7:59am,59,59,88,Not Applicable (Not Transported),88,Not Applicable (Not Transported),1
55,Wisconsin,550493,0,0,2,2,0,3,3,109,ST CROIX (109),0,NOT APPLICABLE,11,November,5,5,7,Saturday,2022,5,5:00am-5:59am,46,46,I-94,NA,1,Interstate,1,Rural,1,Interstate,1,State Highway Agency,1,This section IS ON the NHS,0,No Special Jurisdiction,150,150,44.94323611,44.94323611,-92.46935556,-92.46935556,12,Motor Vehicle In-Transport,6,Angle,0,No,1,Non-Junction,1,Not an Intersection,1,On Roadway,0,None,2,Dark - Not Lighted,1,Clear,0,No,0000000,Not Applicable,6,6:00am-6:59am,0,0,7,7:00am-7:59am,20,20,99,Unknown,99,Unknown EMS Hospital Arrival Time,1
55,Wisconsin,550494,0,0,2,2,0,2,2,87,OUTAGAMIE (87),0,NOT APPLICABLE,11,November,15,15,3,Tuesday,2022,13,1:00pm-1:59pm,45,45,CR-A,CR-S,4,County Road,1,Rural,5,Major Collector,2,County Highway Agency,0,This section IS NOT on the NHS,0,No Special Jurisdiction,0,None,44.38775278,44.38775278,-88.45514444,-88.45514444,12,Motor Vehicle In-Transport,6,Angle,0,No,2,Intersection,2,Four-Way Intersection,1,On Roadway,0,None,1,Daylight,4,Snow,0,No,0000000,Not Applicable,13,1:00pm-1:59pm,45,45,99,Unknown EMS Scene Arrival Hour,99,Unknown EMS Scene Arrival Minutes,14,2:00pm-2:59pm,48,48,1
55,Wisconsin,550495,0,0,1,1,0,1,1,73,MARATHON (73),9997,Other,11,November,14,14,2,Monday,2022,16,4:00pm-4:59pm,0,0,US-51,NA,2,US Highway,1,Rural,2,Principal Arterial - Other Freeways and Expressways,1,State Highway Agency,1,This section IS ON the NHS,0,No Special Jurisdiction,99998,Not Reported,45.08933056,45.08933056,-89.64068889,-89.64068889,1,Rollover/Overturn,0,The First Harmful Event was Not a Collision with a Motor Vehicle in Transport,0,No,1,Non-Junction,1,Not an Intersection,3,On Median,0,None,1,Daylight,4,Snow,0,No,0000000,Not Applicable,99,Unknown,99,Unknown,99,Unknown EMS Scene Arrival Hour,99,Unknown EMS Scene Arrival Minutes,99,Unknown,99,Unknown EMS Hospital Arrival Time,1
55,Wisconsin,550496,0,0,1,1,0,1,1,133,WAUKESHA (133),708,BROOKFIELD,11,November,17,17,5,Thursday,2022,17,5:00pm-5:59pm,4,4,BROOKFIELD RD,NA,6,Local Street - Municipality,2,Urban,4,Minor Arterial,4,City or Municipal Highway Agency,0,This section IS NOT on the NHS,0,No Special Jurisdiction,0,None,43.07158333,43.07158333,-88.14588889,-88.14588889,10,Railway Vehicle,0,The First Harmful Event was Not a Collision with a Motor Vehicle in Transport,0,No,6,Railway Grade Crossing,1,Not an Intersection,1,On Roadway,0,None,3,Dark - Lighted,4,Snow,0,No,390521P,390521P,17,5:00pm-5:59pm,8,8,17,5:00pm-5:59pm,15,15,88,Not Applicable (Not Transported),88,Not Applicable (Not Transported),1
55,Wisconsin,550497,0,0,2,2,0,2,2,55,JEFFERSON (55),0,NOT APPLICABLE,11,November,26,26,7,Saturday,2022,11,11:00am-11:59am,5,5,SR-16,CR-SC,3,State Highway,1,Rural,3,Principal Arterial - Other,1,State Highway Agency,1,This section IS ON the NHS,0,No Special Jurisdiction,99998,Not Reported,43.15905,43.15905,-88.63282778,-88.63282778,12,Motor Vehicle In-Transport,6,Angle,0,No,2,Intersection,3,T-Intersection,1,On Roadway,0,None,1,Daylight,1,Clear,0,No,0000000,Not Applicable,11,11:00am-11:59am,6,6,11,11:00am-11:59am,15,15,11,11:00am-11:59am,58,58,1
55,Wisconsin,550498,0,0,2,2,0,5,5,59,KENOSHA (59),3795,PLEASANT PRAIRIE,11,November,18,18,6,Friday,2022,20,8:00pm-8:59pm,25,25,SR-31,CR-SPRINGBROOK RD,3,State Highway,2,Urban,5,Major Collector,1,State Highway Agency,0,This section IS NOT on the NHS,0,No Special Jurisdiction,99998,Not Reported,42.50163056,42.50163056,-87.88798333,-87.88798333,12,Motor Vehicle In-Transport,6,Angle,0,No,2,Intersection,2,Four-Way Intersection,1,On Roadway,0,None,3,Dark - Lighted,10,Cloudy,0,No,0000000,Not Applicable,20,8:00pm-8:59pm,35,35,20,8:00pm-8:59pm,38,38,21,9:00pm-9:59pm,2,2,2
55,Wisconsin,550499,0,0,2,2,0,3,3,21,COLUMBIA (21),0,NOT APPLICABLE,11,November,17,17,5,Thursday,2022,18,6:00pm-6:59pm,30,30,CR-B,NA,4,County Road,1,Rural,5,Major Collector,2,County Highway Agency,0,This section IS NOT on the NHS,0,No Special Jurisdiction,0,None,43.4418,43.4418,-89.26891944,-89.26891944,12,Motor Vehicle In-Transport,6,Angle,0,No,1,Non-Junction,1,Not an Intersection,1,On Roadway,0,None,2,Dark - Not Lighted,4,Snow,0,No,0000000,Not Applicable,99,Unknown,99,Unknown,99,Unknown EMS Scene Arrival Hour,99,Unknown EMS Scene Arrival Minutes,88,Not Applicable (Not Transported),88,Not Applicable (Not Transported),2
55,Wisconsin,550500,0,0,1,1,0,1,1,27,DODGE (27),0,NOT APPLICABLE,11,November,22,22,3,Tuesday,2022,13,1:00pm-1:59pm,18,18,SR-19,NA,3,State Highway,1,Rural,3,Principal Arterial - Other,1,State Highway Agency,0,This section IS NOT on the NHS,0,No Special Jurisdiction,99998,Not Reported,43.19772778,43.19772778,-88.76843611,-88.76843611,34,Ditch,0,The First Harmful Event was Not a Collision with a Motor Vehicle in Transport,1,Yes,5,Entrance/Exit Ramp Related,1,Not an Intersection,4,On Roadside,0,None,1,Daylight,10,Cloudy,0,No,0000000,Not Applicable,13,1:00pm-1:59pm,28,28,13,1:00pm-1:59pm,40,40,99,Unknown,99,Unknown EMS Hospital Arrival Time,1
55,Wisconsin,550501,0,0,1,1,0,4,4,139,WINNEBAGO (139),0,NOT APPLICABLE,11,November,23,23,4,Wednesday,2022,23,11:00pm-11:59pm,2,2,GREEN VALLEY RD,NA,5,Local Street - Township,1,Rural,7,Local,3,Town or Township Highway Agency,0,This section IS NOT on the NHS,0,No Special Jurisdiction,0,None,44.11316667,44.11316667,-88.52397778,-88.52397778,1,Rollover/Overturn,0,The First Harmful Event was Not a Collision with a Motor Vehicle in Transport,0,No,1,Non-Junction,1,Not an Intersection,2,On Shoulder,0,None,2,Dark - Not Lighted,10,Cloudy,0,No,0000000,Not Applicable,23,11:00pm-11:59pm,10,10,99,Unknown EMS Scene Arrival Hour,99,Unknown EMS Scene Arrival Minutes,99,Unknown,99,Unknown EMS Hospital Arrival Time,1
55,Wisconsin,550502,1,1,1,1,0,1,1,73,MARATHON (73),0,NOT APPLICABLE,11,November,28,28,2,Monday,2022,17,5:00pm-5:59pm,56,56,CR-J,NA,4,County Road,1,Rural,5,Major Collector,2,County Highway Agency,0,This section IS NOT on the NHS,0,No Special Jurisdiction,0,None,44.99097778,44.99097778,-89.49210556,-89.49210556,8,Pedestrian,0,The First Harmful Event was Not a Collision with a Motor Vehicle in Transport,0,No,1,Non-Junction,1,Not an Intersection,1,On Roadway,0,None,2,Dark - Not Lighted,10,Cloudy,0,No,0000000,Not Applicable,17,5:00pm-5:59pm,59,59,18,6:00pm-6:59pm,12,12,88,Not Applicable (Not Transported),88,Not Applicable (Not Transported),1
55,Wisconsin,550503,0,0,2,2,0,2,2,5,BARRON (5),4080,RICE LAKE,11,November,29,29,3,Tuesday,2022,7,7:00am-7:59am,53,53,SR-48,NA,3,State Highway,1,Rural,4,Minor Arterial,1,State Highway Agency,0,This section IS NOT on the NHS,0,No Special Jurisdiction,99998,Not Reported,45.50963889,45.50963889,-91.77495,-91.77495,12,Motor Vehicle In-Transport,6,Angle,0,No,1,Non-Junction,1,Not an Intersection,1,On Roadway,0,None,1,Daylight,4,Snow,0,No,0000000,Not Applicable,7,7:00am-7:59am,57,57,7,7:00am-7:59am,58,58,88,Not Applicable (Not Transported),88,Not Applicable (Not Transported),1
55,Wisconsin,550504,0,0,2,2,0,4,4,133,WAUKESHA (133),1305,DELAFIELD,11,November,4,4,6,Friday,2022,13,1:00pm-1:59pm,54,54,I-94,NA,1,Interstate,2,Urban,1,Interstate,1,State Highway Agency,1,This section IS ON the NHS,0,No Special Jurisdiction,99998,Not Reported,43.05223889,43.05223889,-88.37845833,-88.37845833,12,Motor Vehicle In-Transport,7,Sideswipe - Same Direction,1,Yes,18,Through Roadway,1,Not an Intersection,1,On Roadway,0,None,1,Daylight,2,Rain,0,No,0000000,Not Applicable,13,1:00pm-1:59pm,54,54,14,2:00pm-2:59pm,1,1,14,2:00pm-2:59pm,33,33,1
55,Wisconsin,550505,0,0,5,5,0,11,11,87,OUTAGAMIE (87),170,APPLETON,11,November,20,20,1,Sunday,2022,16,4:00pm-4:59pm,10,10,I-41,NA,1,Interstate,1,Rural,1,Interstate,1,State Highway Agency,1,This section IS ON the NHS,0,No Special Jurisdiction,99998,Not Reported,44.298175,44.298175,-88.36157778,-88.36157778,12,Motor Vehicle In-Transport,1,Front-to-Rear,0,No,1,Non-Junction,1,Not an Intersection,1,On Roadway,0,None,1,Daylight,1,Clear,0,No,0000000,Not Applicable,16,4:00pm-4:59pm,15,15,16,4:00pm-4:59pm,24,24,16,4:00pm-4:59pm,56,56,1
55,Wisconsin,550506,1,1,1,1,0,1,1,117,SHEBOYGAN (117),4330,SHEBOYGAN,11,November,27,27,1,Sunday,2022,18,6:00pm-6:59pm,20,20,NEW YORK AVE,N 9TH ST,6,Local Street - Municipality,2,Urban,7,Local,4,City or Municipal Highway Agency,0,This section IS NOT on the NHS,0,No Special Jurisdiction,0,None,43.75198611,43.75198611,-87.71464722,-87.71464722,8,Pedestrian,0,The First Harmful Event was Not a Collision with a Motor Vehicle in Transport,1,Yes,3,Intersection-Related,2,Four-Way Intersection,1,On Roadway,0,None,3,Dark - Lighted,10,Cloudy,0,No,0000000,Not Applicable,18,6:00pm-6:59pm,22,22,18,6:00pm-6:59pm,22,22,18,6:00pm-6:59pm,49,49,1
55,Wisconsin,550507,0,0,1,1,0,1,1,111,SAUK (111),0,NOT APPLICABLE,12,December,1,1,5,Thursday,2022,99,Unknown Hours,99,Unknown Minutes,VAN HOOSEN RD,SHADY LANE RD,5,Local Street - Township,1,Rural,7,Local,3,Town or Township Highway Agency,0,This section IS NOT on the NHS,0,No Special Jurisdiction,0,None,43.54693333,43.54693333,-89.66433889,-89.66433889,34,Ditch,0,The First Harmful Event was Not a Collision with a Motor Vehicle in Transport,0,No,3,Intersection-Related,3,T-Intersection,4,On Roadside,0,None,9,Reported as Unknown,99,Reported as Unknown,0,No,0000000,Not Applicable,7,7:00am-7:59am,19,19,7,7:00am-7:59am,28,28,88,Not Applicable (Not Transported),88,Not Applicable (Not Transported),1
55,Wisconsin,550508,0,0,1,1,0,1,1,27,DODGE (27),0,NOT APPLICABLE,11,November,24,24,5,Thursday,2022,1,1:00am-1:59am,20,20,CR-C,NA,4,County Road,1,Rural,6,Minor Collector,2,County Highway Agency,0,This section IS NOT on the NHS,0,No Special Jurisdiction,0,None,43.56081111,43.56081111,-88.74223611,-88.74223611,42,Tree (Standing Only),0,The First Harmful Event was Not a Collision with a Motor Vehicle in Transport,0,No,1,Non-Junction,1,Not an Intersection,4,On Roadside,0,None,2,Dark - Not Lighted,10,Cloudy,0,No,0000000,Not Applicable,99,Unknown,99,Unknown,99,Unknown EMS Scene Arrival Hour,99,Unknown EMS Scene Arrival Minutes,88,Not Applicable (Not Transported),88,Not Applicable (Not Transported),1
55,Wisconsin,550509,0,0,2,2,0,5,5,23,CRAWFORD (23),0,NOT APPLICABLE,11,November,27,27,1,Sunday,2022,11,11:00am-11:59am,22,22,US-18,NA,2,US Highway,1,Rural,3,Principal Arterial - Other,1,State Highway Agency,1,This section IS ON the NHS,0,No Special Jurisdiction,99998,Not Reported,43.04440556,43.04440556,-91.16708889,-91.16708889,12,Motor Vehicle In-Transport,2,Front-to-Front,0,No,1,Non-Junction,1,Not an Intersection,1,On Roadway,0,None,1,Daylight,1,Clear,0,No,0000000,Not Applicable,11,11:00am-11:59am,26,26,11,11:00am-11:59am,27,27,99,Unknown,99,Unknown EMS Hospital Arrival Time,2
55,Wisconsin,550510,0,0,2,2,0,1,1,79,MILWAUKEE (79),3100,MILWAUKEE,11,November,18,18,6,Friday,2022,20,8:00pm-8:59pm,47,47,S 2ND ST,NA,6,Local Street - Municipality,2,Urban,7,Local,4,City or Municipal Highway Agency,0,This section IS NOT on the NHS,0,No Special Jurisdiction,0,None,43.01015556,43.01015556,-87.91255556,-87.91255556,12,Motor Vehicle In-Transport,7,Sideswipe - Same Direction,0,No,1,Non-Junction,1,Not an Intersection,1,On Roadway,0,None,3,Dark - Lighted,1,Clear,0,No,0000000,Not Applicable,99,Unknown,99,Unknown,99,Unknown EMS Scene Arrival Hour,99,Unknown EMS Scene Arrival Minutes,88,Not Applicable (Not Transported),88,Not Applicable (Not Transported),1
55,Wisconsin,550511,1,1,1,1,0,0,0,5,BARRON (5),0,NOT APPLICABLE,10,October,6,6,5,Thursday,2022,14,2:00pm-2:59pm,25,25,3RD ST,NA,5,Local Street - Township,1,Rural,7,Local,3,Town or Township Highway Agency,0,This section IS NOT on the NHS,0,No Special Jurisdiction,0,None,45.56125,45.56125,-92.09286944,-92.09286944,8,Pedestrian,0,The First Harmful Event was Not a Collision with a Motor Vehicle in Transport,0,No,1,Non-Junction,1,Not an Intersection,1,On Roadway,0,None,1,Daylight,1,Clear,0,No,0000000,Not Applicable,14,2:00pm-2:59pm,52,52,15,3:00pm-3:59pm,3,3,15,3:00pm-3:59pm,22,22,1
55,Wisconsin,550512,0,0,1,1,0,8,8,79,MILWAUKEE (79),3100,MILWAUKEE,10,October,12,12,4,Wednesday,2022,5,5:00am-5:59am,20,20,I-43,NA,1,Interstate,2,Urban,1,Interstate,1,State Highway Agency,1,This section IS ON the NHS,0,No Special Jurisdiction,99998,Not Reported,42.96229444,42.96229444,-87.94379444,-87.94379444,25,Concrete Traffic Barrier,0,The First Harmful Event was Not a Collision with a Motor Vehicle in Transport,1,Yes,5,Entrance/Exit Ramp Related,1,Not an Intersection,4,On Roadside,0,None,3,Dark - Lighted,2,Rain,0,No,0000000,Not Applicable,5,5:00am-5:59am,40,40,5,5:00am-5:59am,42,42,99,Unknown,99,Unknown EMS Hospital Arrival Time,2
55,Wisconsin,550513,0,0,2,2,0,2,2,135,WAUPACA (135),0,NOT APPLICABLE,10,October,22,22,7,Saturday,2022,9,9:00am-9:59am,42,42,CR-A,BAGS HILL RD,4,County Road,1,Rural,6,Minor Collector,2,County Highway Agency,0,This section IS NOT on the NHS,0,No Special Jurisdiction,0,None,44.265225,44.265225,-89.04693056,-89.04693056,12,Motor Vehicle In-Transport,6,Angle,1,Yes,2,Intersection,2,Four-Way Intersection,1,On Roadway,0,None,1,Daylight,1,Clear,0,No,0000000,Not Applicable,9,9:00am-9:59am,44,44,9,9:00am-9:59am,52,52,10,10:00am-10:59am,18,18,1
55,Wisconsin,550514,0,0,1,1,0,4,4,25,DANE (25),2820,MAPLE BLUFF,11,November,20,20,1,Sunday,2022,9,9:00am-9:59am,7,7,WOODLAND CIR,NA,6,Local Street - Municipality,2,Urban,7,Local,4,City or Municipal Highway Agency,0,This section IS NOT on the NHS,0,No Special Jurisdiction,0,None,43.11254722,43.11254722,-89.36763889,-89.36763889,42,Tree (Standing Only),0,The First Harmful Event was Not a Collision with a Motor Vehicle in Transport,0,No,1,Non-Junction,1,Not an Intersection,5,Outside Trafficway,0,None,1,Daylight,10,Cloudy,0,No,0000000,Not Applicable,9,9:00am-9:59am,16,16,99,Unknown EMS Scene Arrival Hour,99,Unknown EMS Scene Arrival Minutes,99,Unknown,99,Unknown EMS Hospital Arrival Time,1
55,Wisconsin,550515,0,0,1,1,0,1,1,79,MILWAUKEE (79),3100,MILWAUKEE,11,November,27,27,1,Sunday,2022,2,2:00am-2:59am,15,15,SR-145 RAMP,NA,3,State Highway,2,Urban,3,Principal Arterial - Other,1,State Highway Agency,0,This section IS NOT on the NHS,0,No Special Jurisdiction,99998,Not Reported,43.11539444,43.11539444,-88.0078,-88.0078,33,Curb,0,The First Harmful Event was Not a Collision with a Motor Vehicle in Transport,1,Yes,5,Entrance/Exit Ramp Related,1,Not an Intersection,4,On Roadside,0,None,3,Dark - Lighted,1,Clear,0,No,0000000,Not Applicable,2,2:00am-2:59am,17,17,2,2:00am-2:59am,22,22,88,Not Applicable (Not Transported),88,Not Applicable (Not Transported),1
55,Wisconsin,550516,0,0,1,1,0,1,1,71,MANITOWOC (71),4890,TWO RIVERS,10,October,31,31,2,Monday,2022,18,6:00pm-6:59pm,41,41,CR-O,22ND ST,4,County Road,2,Urban,4,Minor Arterial,2,County Highway Agency,0,This section IS NOT on the NHS,0,No Special Jurisdiction,0,None,44.15368611,44.15368611,-87.55519722,-87.55519722,33,Curb,0,The First Harmful Event was Not a Collision with a Motor Vehicle in Transport,0,No,3,Intersection-Related,3,T-Intersection,4,On Roadside,0,None,5,Dusk,1,Clear,0,No,0000000,Not Applicable,18,6:00pm-6:59pm,44,44,18,6:00pm-6:59pm,47,47,19,7:00pm-7:59pm,28,28,1
55,Wisconsin,550517,1,1,1,1,0,1,1,117,SHEBOYGAN (117),4340,SHEBOYGAN FALLS,12,December,1,1,5,Thursday,2022,17,5:00pm-5:59pm,17,17,SR-32,NA,3,State Highway,2,Urban,3,Principal Arterial - Other,1,State Highway Agency,1,This section IS ON the NHS,0,No Special Jurisdiction,99998,Not Reported,43.74444167,43.74444167,-87.81981389,-87.81981389,8,Pedestrian,0,The First Harmful Event was Not a Collision with a Motor Vehicle in Transport,0,No,8,Driveway Access Related,1,Not an Intersection,1,On Roadway,0,None,2,Dark - Not Lighted,10,Cloudy,0,No,0000000,Not Applicable,99,Unknown,99,Unknown,99,Unknown EMS Scene Arrival Hour,99,Unknown EMS Scene Arrival Minutes,99,Unknown,99,Unknown EMS Hospital Arrival Time,1
55,Wisconsin,550518,0,0,3,3,0,4,4,113,SAWYER (113),0,NOT APPLICABLE,12,December,10,10,7,Saturday,2022,15,3:00pm-3:59pm,21,21,SR-27,NA,3,State Highway,1,Rural,4,Minor Arterial,1,State Highway Agency,0,This section IS NOT on the NHS,0,No Special Jurisdiction,99998,Not Reported,45.92813611,45.92813611,-91.49386944,-91.49386944,12,Motor Vehicle In-Transport,6,Angle,0,No,1,Non-Junction,1,Not an Intersection,1,On Roadway,0,None,1,Daylight,4,Snow,0,No,0000000,Not Applicable,15,3:00pm-3:59pm,21,21,15,3:00pm-3:59pm,29,29,99,Unknown,99,Unknown EMS Hospital Arrival Time,1
55,Wisconsin,550519,0,0,2,2,0,2,2,79,MILWAUKEE (79),3100,MILWAUKEE,12,December,4,4,1,Sunday,2022,2,2:00am-2:59am,12,12,SR-145 FOND DU LAC AVE W,NA,3,State Highway,2,Urban,3,Principal Arterial - Other,1,State Highway Agency,1,This section IS ON the NHS,0,No Special Jurisdiction,99998,Not Reported,43.08444722,43.08444722,-87.96914722,-87.96914722,12,Motor Vehicle In-Transport,1,Front-to-Rear,0,No,1,Non-Junction,1,Not an Intersection,1,On Roadway,0,None,3,Dark - Lighted,1,Clear,0,No,0000000,Not Applicable,99,Unknown,99,Unknown,99,Unknown EMS Scene Arrival Hour,99,Unknown EMS Scene Arrival Minutes,99,Unknown,99,Unknown EMS Hospital Arrival Time,1
55,Wisconsin,550520,0,0,2,2,0,2,2,73,MARATHON (73),3200,MOSINEE,11,November,29,29,3,Tuesday,2022,1,1:00am-1:59am,20,20,I-39,NA,1,Interstate,2,Urban,1,Interstate,1,State Highway Agency,1,This section IS ON the NHS,0,No Special Jurisdiction,99998,Not Reported,44.79080556,44.79080556,-89.68009444,-89.68009444,12,Motor Vehicle In-Transport,1,Front-to-Rear,0,No,1,Non-Junction,1,Not an Intersection,1,On Roadway,0,None,2,Dark - Not Lighted,10,Cloudy,0,No,0000000,Not Applicable,1,1:00am-1:59am,24,24,1,1:00am-1:59am,41,41,88,Not Applicable (Not Transported),88,Not Applicable (Not Transported),1
55,Wisconsin,550521,0,0,1,1,0,1,1,135,WAUPACA (135),5080,WAUPACA,12,December,5,5,2,Monday,2022,12,12:00pm-12:59pm,50,50,US-10,NA,2,US Highway,2,Urban,2,Principal Arterial - Other Freeways and Expressways,1,State Highway Agency,1,This section IS ON the NHS,0,No Special Jurisdiction,99998,Not Reported,44.35394444,44.35394444,-89.11215833,-89.11215833,34,Ditch,0,The First Harmful Event was Not a Collision with a Motor Vehicle in Transport,1,Yes,5,Entrance/Exit Ramp Related,1,Not an Intersection,4,On Roadside,0,None,1,Daylight,1,Clear,0,No,0000000,Not Applicable,12,12:00pm-12:59pm,58,58,99,Unknown EMS Scene Arrival Hour,97,Officially Cancelled,99,Unknown,97,Officially Canceled,1
55,Wisconsin,550522,0,0,1,1,0,1,1,25,DANE (25),9997,Other,12,December,9,9,6,Friday,2022,11,11:00am-11:59am,26,26,CR-AB,NA,4,County Road,2,Urban,5,Major Collector,2,County Highway Agency,0,This section IS NOT on the NHS,0,No Special Jurisdiction,0,None,42.96895278,42.96895278,-89.282675,-89.282675,2,Fire/Explosion,0,The First Harmful Event was Not a Collision with a Motor Vehicle in Transport,0,No,1,Non-Junction,1,Not an Intersection,1,On Roadway,0,None,1,Daylight,10,Cloudy,0,No,0000000,Not Applicable,99,Unknown,99,Unknown,99,Unknown EMS Scene Arrival Hour,99,Unknown EMS Scene Arrival Minutes,88,Not Applicable (Not Transported),88,Not Applicable (Not Transported),1
55,Wisconsin,550523,0,0,1,1,0,1,1,25,DANE (25),2780,MADISON,12,December,4,4,1,Sunday,2022,23,11:00pm-11:59pm,3,3,CR-M N S PLEASANT VIEW RD,NA,4,County Road,2,Urban,3,Principal Arterial - Other,2,County Highway Agency,1,This section IS ON the NHS,0,No Special Jurisdiction,0,None,43.02226944,43.02226944,-89.53335833,-89.53335833,30,Utility Pole/Light Support,0,The First Harmful Event was Not a Collision with a Motor Vehicle in Transport,0,No,1,Non-Junction,1,Not an Intersection,3,On Median,0,None,3,Dark - Lighted,1,Clear,0,No,0000000,Not Applicable,23,11:00pm-11:59pm,3,3,23,11:00pm-11:59pm,10,10,88,Not Applicable (Not Transported),88,Not Applicable (Not Transported),1